date,campaign_id,creative_id,impressions,clicks,conversions,spend,revenue,currency
2026-06-08,C001,CR001,676,75,5,149.56,799.52,USD
2026-06-08,C001,CR002,479,53,5,105.62,782.57,USD
2026-06-08,C002,CR003,2579,132,7,323.00,1106.82,USD
2026-06-08,C002,CR004,1631,94,5,232.09,802.13,USD
2026-06-08,C002,CR005,1896,93,4,240.34,583.78,USD
2026-06-08,C002,CR006,1008,57,2,138.99,302.24,USD
2026-06-08,C003,CR007,17723,994,15,22440.51,23744.27,INR
2026-06-08,C003,CR008,12145,781,10,17031.96,15657.67,INR
2026-06-08,C004,CR009,26874,309,7,368.18,1166.50,USD
2026-06-08,C004,CR010,28159,335,9,353.44,1561.09,USD
2026-06-08,C004,CR011,19278,251,7,298.44,1204.25,USD
2026-06-08,C005,CR013,19809,361,23,342.17,1697.98,USD
2026-06-08,C005,CR014,8174,157,9,152.70,744.87,USD
2026-06-08,C006,CR015,318534,3091,15,26412.42,21017.88,INR
2026-06-08,C006,CR016,277809,2787,17,26676.75,23555.09,INR
2026-06-08,C006,CR017,238213,2104,9,19610.27,13027.14,INR
2026-06-08,C008,CR021,3690588,16482,8,57964.63,11413.78,INR
2026-06-08,C008,CR022,2276120,10591,5,38058.66,7077.78,INR
2026-06-08,C010,CR025,6210,33,3,426.93,1497.25,USD
2026-06-08,C010,CR026,5316,27,2,331.91,1085.81,USD
2026-06-08,C010,CR027,2629,16,2,204.41,1052.86,USD
2026-06-09,C001,CR001,729,91,8,156.38,1310.14,USD
2026-06-09,C001,CR002,479,56,6,104.50,1039.80,USD
2026-06-09,C002,CR003,2083,111,5,282.06,818.64,USD
2026-06-09,C002,CR004,1749,98,4,245.51,629.28,USD
2026-06-09,C002,CR005,1800,95,3,237.98,424.99,USD
2026-06-09,C002,CR006,1131,56,3,152.74,421.73,USD
2026-06-09,C003,CR007,16706,978,14,20385.96,21300.52,INR
2026-06-09,C003,CR008,13665,810,13,18591.67,20313.78,INR
2026-06-09,C004,CR009,25698,340,8,350.22,1359.87,USD
2026-06-09,C004,CR010,29408,348,8,393.69,1278.06,USD
2026-06-09,C004,CR011,25444,299,7,307.59,1158.26,USD
2026-06-09,C005,CR013,19385,357,21,322.60,1711.65,USD
2026-06-09,C005,CR014,10484,176,13,159.38,1025.89,USD
2026-06-09,C006,CR015,297460,2889,15,27411.57,18736.46,INR
2026-06-09,C006,CR016,300423,2972,14,27162.45,17799.74,INR
2026-06-09,C006,CR017,200881,2013,12,18036.47,16939.84,INR
2026-06-09,C008,CR021,3393612,14026,6,54696.96,8069.87,INR
2026-06-09,C008,CR022,2562160,10022,4,34575.26,6040.81,INR
2026-06-09,C010,CR025,5488,29,3,368.68,1486.19,USD
2026-06-09,C010,CR026,4462,27,2,334.48,1072.39,USD
2026-06-09,C010,CR027,3639,19,1,225.91,505.30,USD
2026-06-10,C001,CR001,762,93,9,168.97,1478.56,USD
2026-06-10,C001,CR002,437,47,5,86.59,889.78,USD
2026-06-10,C002,CR003,1953,107,4,279.57,591.86,USD
2026-06-10,C002,CR004,1966,101,4,252.85,613.34,USD
2026-06-10,C002,CR005,1817,98,5,241.68,731.54,USD
2026-06-10,C002,CR006,940,51,2,141.83,317.66,USD
2026-06-10,C003,CR007,17274,1152,16,25147.77,27153.51,INR
2026-06-10,C003,CR008,13245,869,14,20392.71,23819.05,INR
2026-06-10,C004,CR009,23786,317,6,365.38,948.39,USD
2026-06-10,C004,CR010,23747,317,9,358.02,1552.17,USD
2026-06-10,C004,CR011,23121,291,7,305.08,1121.29,USD
2026-06-10,C005,CR013,19455,354,26,307.73,2122.60,USD
2026-06-10,C005,CR014,10787,206,12,175.37,987.36,USD
2026-06-10,C006,CR015,314290,2961,15,28154.44,20922.92,INR
2026-06-10,C006,CR016,288493,2719,16,23843.94,23313.03,INR
2026-06-10,C006,CR017,216152,2212,12,20969.21,17325.45,INR
2026-06-10,C008,CR021,3987656,16620,6,61439.43,7980.74,INR
2026-06-10,C008,CR022,2785538,10886,5,37619.46,6856.76,INR
2026-06-10,C010,CR025,5907,33,3,383.70,1517.35,USD
2026-06-10,C010,CR026,4385,26,2,339.26,1025.02,USD
2026-06-10,C010,CR027,3282,18,1,233.29,557.78,USD
2026-06-11,C001,CR001,663,77,9,151.11,1563.11,USD
2026-06-11,C001,CR002,554,59,6,104.74,941.39,USD
2026-06-11,C002,CR003,2323,117,3,290.79,441.88,USD
2026-06-11,C002,CR004,1917,91,4,223.87,598.40,USD
2026-06-11,C002,CR005,1311,72,3,203.20,490.99,USD
2026-06-11,C002,CR006,1195,61,2,158.00,324.13,USD
2026-06-11,C003,CR007,14849,910,16,19654.39,24555.15,INR
2026-06-11,C003,CR008,14924,844,10,19125.68,15585.43,INR
2026-06-11,C004,CR009,23719,310,8,356.44,1239.23,USD
2026-06-11,C004,CR010,27950,368,9,395.00,1377.51,USD
2026-06-11,C004,CR011,23455,279,6,289.15,1002.36,USD
2026-06-11,C005,CR013,20918,354,19,336.27,1374.68,USD
2026-06-11,C005,CR014,10921,197,11,187.30,839.98,USD
2026-06-11,C006,CR015,323890,3400,17,32608.85,22998.18,INR
2026-06-11,C006,CR016,300769,2726,13,24550.07,17408.94,INR
2026-06-11,C006,CR017,270358,2355,12,21167.45,16889.12,INR
2026-06-11,C008,CR021,4053536,16636,6,62852.51,7732.80,INR
2026-06-11,C008,CR022,2464106,10874,4,41920.30,5549.20,INR
2026-06-11,C010,CR025,5062,30,1,385.86,511.43,USD
2026-06-11,C010,CR026,4023,23,1,263.90,538.43,USD
2026-06-11,C010,CR027,2961,17,1,200.41,525.95,USD
2026-06-12,C001,CR001,744,82,9,151.68,1463.32,USD
2026-06-12,C001,CR002,528,57,5,98.60,890.15,USD
2026-06-12,C002,CR003,2264,121,5,304.08,750.21,USD
2026-06-12,C002,CR004,1854,98,4,250.92,606.48,USD
2026-06-12,C002,CR005,1634,79,3,211.48,487.59,USD
2026-06-12,C002,CR006,906,50,2,130.83,283.55,USD
2026-06-12,C003,CR007,15085,932,12,21934.38,20704.38,INR
2026-06-12,C003,CR008,12029,750,11,17356.63,16514.10,INR
2026-06-12,C004,CR009,24739,311,6,366.61,1012.11,USD
2026-06-12,C004,CR010,25554,350,9,405.09,1491.95,USD
2026-06-12,C004,CR011,26444,311,9,330.94,1566.07,USD
2026-06-12,C005,CR013,20159,333,19,304.78,1410.34,USD
2026-06-12,C005,CR014,11012,185,12,175.84,864.28,USD
2026-06-12,C006,CR015,329638,3122,20,29984.83,25388.49,INR
2026-06-12,C006,CR016,319959,2906,16,27441.82,21544.62,INR
2026-06-12,C006,CR017,210778,2208,14,19957.34,18015.98,INR
2026-06-12,C008,CR021,3890127,15773,6,60214.85,8028.40,INR
2026-06-12,C008,CR022,2409277,10741,4,37188.48,5720.40,INR
2026-06-12,C010,CR025,4440,24,2,319.40,1037.99,USD
2026-06-12,C010,CR026,3884,21,2,242.63,977.48,USD
2026-06-12,C010,CR027,2647,14,1,171.53,535.45,USD
2026-06-13,C001,CR001,637,79,8,143.11,1419.86,USD
2026-06-13,C001,CR002,454,49,5,89.64,889.28,USD
2026-06-13,C002,CR003,2022,115,5,307.95,756.34,USD
2026-06-13,C002,CR004,1516,79,4,201.61,575.80,USD
2026-06-13,C002,CR005,1411,70,2,177.68,300.47,USD
2026-06-13,C002,CR006,923,47,2,131.41,300.43,USD
2026-06-13,C003,CR007,13082,833,12,0.00,18522.62,INR
2026-06-13,C003,CR008,12105,719,12,15413.36,20015.36,INR
2026-06-13,C004,CR009,27791,371,9,413.94,1484.80,USD
2026-06-13,C004,CR010,29230,338,7,392.64,1094.42,USD
2026-06-13,C004,CR011,23407,311,7,354.11,1168.51,USD
2026-06-13,C005,CR013,21394,388,32,337.06,2365.07,USD
2026-06-13,C005,CR014,11079,211,14,199.14,1157.22,USD
2026-06-13,C005,CR014,11079,211,14,199.14,1157.22,USD
2026-06-13,C006,CR015,364511,3697,21,33002.51,27203.67,INR
2026-06-13,C006,CR016,290463,2918,14,26545.60,20232.54,INR
2026-06-13,C006,CR017,230701,2418,10,20185.72,13729.45,INR
2026-06-13,C008,CR021,3683552,15367,6,56562.50,8428.18,INR
2026-06-13,C008,CR022,3066656,12079,4,41576.88,5164.90,INR
2026-06-13,C010,CR025,1396,8,1,97.91,526.61,USD
2026-06-13,C010,CR026,1165,7,0,82.88,0.00,USD
2026-06-13,C010,CR027,863,5,0,56.42,0.00,USD
2026-06-14,C001,CR001,634,68,5,121.33,876.89,USD
2026-06-14,C001,CR002,401,49,4,90.05,630.45,USD
2026-06-14,C002,CR003,2147,105,5,268.01,812.80,USD
2026-06-14,C002,CR004,1663,84,3,217.14,490.48,USD
2026-06-14,C002,CR005,1296,73,3,181.41,490.65,USD
2026-06-14,C002,CR006,966,52,2,140.44,281.92,USD
2026-06-14,C003,CR007,13468,836,14,18294.37,24138.05,INR
2026-06-14,C003,CR008,12183,765,14,17701.89,23595.09,INR
2026-06-14,C004,CR009,30979,391,9,405.01,1417.48,USD
2026-06-14,C004,CR010,28957,347,7,373.05,1152.72,USD
2026-06-14,C004,CR011,22377,279,6,303.18,983.31,USD
2026-06-14,C005,CR013,21252,360,21,322.75,1562.29,USD
2026-06-14,C005,CR014,13629,231,15,197.09,1083.85,USD
2026-06-14,C006,CR015,421702,3792,16,31829.22,20655.67,INR
2026-06-14,C006,CR016,313763,2771,12,26204.64,15385.76,INR
2026-06-14,C006,CR017,230866,2184,11,19896.18,13938.13,INR
2026-06-14,C008,CR021,4259180,19646,7,66236.47,10429.99,INR
2026-06-14,C008,CR022,2854361,10935,4,38385.98,5479.55,INR
2026-06-14,C010,CR025,1328,8,1,96.50,559.51,USD
2026-06-14,C010,CR026,832,5,0,71.85,0.00,USD
2026-06-14,C010,CR027,712,4,0,48.52,0.00,USD
2026-06-15,C001,CR001,686,83,7,146.46,1158.33,USD
2026-06-15,C001,CR002,491,58,6,103.02,975.83,USD
2026-06-15,C002,CR003,1932,101,4,278.07,618.77,USD
2026-06-15,C002,CR004,1732,83,2,210.88,296.27,USD
2026-06-15,C002,CR005,1615,85,3,206.83,470.25,USD
2026-06-15,C002,CR006,938,50,2,130.96,284.28,USD
2026-06-15,C003,CR007,17568,1016,18,20974.82,29204.52,INR
2026-06-15,C003,CR008,14673,861,13,19547.77,20357.15,INR
2026-06-15,C004,CR009,27636,354,8,363.61,1361.86,USD
2026-06-15,C004,CR010,27623,317,7,372.40,1156.45,USD
2026-06-15,C004,CR011,20062,247,5,274.89,772.85,USD
2026-06-15,C005,CR013,19046,318,23,308.35,1661.59,USD
2026-06-15,C005,CR014,12305,221,11,185.56,860.01,USD
2026-06-15,C006,CR015,379856,3392,16,29295.45,23180.06,INR
2026-06-15,C006,CR016,306121,2748,14,25644.28,18523.03,INR
2026-06-15,C006,CR017,247821,2286,10,19364.72,12836.39,INR
2026-06-15,C008,CR021,3321755,13690,4,48687.71,6017.01,INR
2026-06-15,C008,CR022,2239118,9787,4,33818.39,5827.57,INR
2026-06-15,C010,CR025,6021,31,3,361.93,1652.67,USD
2026-06-15,C010,CR026,4231,24,2,288.27,991.70,USD
2026-06-15,C010,CR027,4061,21,1,256.18,545.98,USD
2026-06-15,C011,CR028,7234,25,0,224.16,0.00,USD
2026-06-15,C011,CR029,5280,18,0,163.56,0.00,USD
2026-06-16,C001,CR001,680,84,8,150.94,1362.31,USD
2026-06-16,C001,CR002,484,59,6,104.36,913.02,USD
2026-06-16,C002,CR003,2256,127,4,345.22,589.33,USD
2026-06-16,C002,CR004,1775,92,5,245.80,775.08,USD
2026-06-16,C002,CR005,1513,81,4,223.44,652.38,USD
2026-06-16,C002,CR006,1141,58,2,151.73,285.38,
2026-06-16,C003,CR007,16296,976,18,22706.01,28005.81,INR
2026-06-16,C003,CR008,12679,747,13,17267.80,22560.14,INR
2026-06-16,C004,CR009,33284,379,8,387.85,1224.33,USD
2026-06-16,C004,CR010,30067,372,10,391.21,1588.98,USD
2026-06-16,C004,CR011,24801,291,6,296.60,1035.20,USD
2026-06-16,C005,CR013,20216,353,23,321.30,1796.88,USD
2026-06-16,C005,CR014,9654,183,13,176.19,984.75,USD
2026-06-16,C006,CR015,351153,3091,18,29325.93,22946.57,INR
2026-06-16,C006,CR016,278369,2655,12,25365.85,16425.22,INR
2026-06-16,C006,CR017,226730,2343,13,20629.57,16401.41,INR
2026-06-16,C008,CR021,4389508,17844,7,61363.57,9976.68,INR
2026-06-16,C008,CR022,2483457,9842,5,35516.69,6688.88,INR
2026-06-16,C010,CR025,5315,30,2,389.92,984.06,USD
2026-06-16,C010,CR026,4418,26,3,325.46,1601.78,USD
2026-06-16,C010,CR027,3727,19,1,259.92,556.68,USD
2026-06-16,C011,CR028,7677,29,0,250.35,0.00,USD
2026-06-16,C011,CR029,4565,16,0,148.70,0.00,USD
2026-06-17,C001,CR001,774,89,8,164.74,1318.04,USD
2026-06-17,C001,CR002,479,60,6,107.86,1026.42,USD
2026-06-17,C002,CR003,2269,112,4,288.55,602.89,USD
2026-06-17,C002,CR004,2085,101,4,245.66,584.65,USD
2026-06-17,C002,CR005,1510,78,2,208.00,286.18,USD
2026-06-17,C002,CR006,1356,65,2,165.38,319.97,USD
2026-06-17,C003,CR007,17539,1117,14,25536.43,22957.00,INR
2026-06-17,C003,CR008,13564,789,10,18553.36,15645.14,INR
2026-06-17,C004,CR009,24020,305,7,349.09,1116.48,USD
2026-06-17,C004,CR010,26267,300,7,322.81,1145.86,USD
2026-06-17,C004,CR011,22724,268,8,308.40,1247.78,USD
2026-06-17,C005,CR013,23916,398,28,335.87,2036.73,USD
2026-06-17,C005,CR014,11036,210,14,184.60,1010.22,USD
2026-06-17,C006,CR015,315830,2973,13,26403.93,16557.38,INR
2026-06-17,C006,CR016,271083,2493,15,22824.33,18830.25,INR
2026-06-17,C006,CR017,258672,2268,13,20247.63,16196.88,INR
2026-06-17,C008,CR021,3995512,15948,5,60169.16,6996.93,INR
2026-06-17,C008,CR022,2175193,9485,4,33500.79,5841.87,INR
2026-06-17,C010,CR025,6404,33,2,434.50,1050.26,USD
2026-06-17,C010,CR026,4725,24,1,313.42,481.22,USD
2026-06-17,C010,CR027,3472,20,1,242.05,479.20,USD
2026-06-17,C011,CR028,5961,23,0,224.32,0.00,USD
2026-06-17,C011,CR029,5899,21,0,176.98,0.00,USD
2026-06-18,C001,CR001,732,80,7,158.82,1159.10,USD
2026-06-18,C001,CR002,445,48,4,87.64,674.23,USD
2026-06-18,C002,CR003,2414,127,4,327.40,636.28,USD
2026-06-18,C002,CR004,1742,93,4,236.62,567.68,USD
2026-06-18,C002,CR005,1444,79,2,195.61,303.83,USD
2026-06-18,C002,CR006,1255,60,2,147.23,280.26,USD
2026-06-18,C003,CR007,17177,960,16,21744.24,24319.08,INR
2026-06-18,C003,CR008,15969,924,12,19246.19,18013.15,INR
2026-06-18,C004,CR009,22621,289,5,342.72,848.33,USD
2026-06-18,C004,CR010,24332,326,8,369.19,1267.34,USD
2026-06-18,C004,CR011,23085,295,5,313.62,764.70,USD
2026-06-18,C005,CR013,18688,351,22,319.97,1849.06,USD
2026-06-18,C005,CR014,10565,197,11,175.66,811.93,USD
2026-06-18,C006,CR015,332400,3383,18,28777.13,24650.61,INR
2026-06-18,C006,CR016,238679,2283,12,22320.88,15355.26,INR
2026-06-18,C006,CR017,211690,2131,10,18022.89,13698.27,INR
2026-06-18,C008,CR021,3321220,14216,5,54499.24,7378.50,INR
2026-06-18,C008,CR022,2406593,9977,3,34628.81,4165.68,INR
2026-06-18,C010,CR025,5866,32,3,381.00,1572.08,USD
2026-06-18,C010,CR026,4025,21,2,273.33,1118.13,USD
2026-06-18,C010,CR027,2952,17,1,219.72,508.47,USD
2026-06-18,C011,CR028,7123,24,0,215.68,0.00,USD
2026-06-18,C011,CR029,5668,19,0,177.97,0.00,USD
2026-06-19,C001,CR001,668,81,8,145.19,1323.22,USD
2026-06-19,C001,CR002,403,47,4,86.33,641.96,USD
2026-06-19,C002,CR003,2730,131,5,332.60,732.55,USD
2026-06-19,C002,CR004,1574,79,3,201.89,424.28,USD
2026-06-19,C002,CR005,1496,86,4,235.45,600.37,USD
2026-06-19,C002,CR006,1005,50,2,134.20,285.18,USD
2026-06-19,C003,CR007,16109,1085,20,22497.24,31860.56,INR
2026-06-19,C003,CR008,14373,799,13,18265.32,21485.20,USD
2026-06-19,C004,CR009,35568,426,10,441.06,1762.78,USD
2026-06-19,C004,CR010,30001,342,7,374.47,1106.98,USD
2026-06-19,C004,CR011,24116,282,8,301.96,1342.81,USD
2026-06-19,C005,CR013,20399,389,28,369.91,2044.55,USD
2026-06-19,C005,CR014,11006,204,16,188.29,1313.10,USD
2026-06-19,C006,CR015,353369,3684,18,32701.63,26133.68,INR
2026-06-19,C006,CR016,346194,3370,14,28564.66,17594.00,INR
2026-06-19,C006,CR017,249266,2278,13,19522.76,16156.87,INR
2026-06-19,C008,CR021,4530010,18767,9,65661.76,12271.75,INR
2026-06-19,C008,CR022,2629406,11934,4,41447.06,5675.48,INR
2026-06-19,C010,CR025,4344,23,2,282.50,975.44,USD
2026-06-19,C010,CR026,3572,19,2,228.66,1019.28,USD
2026-06-19,C010,CR027,2763,16,2,192.70,974.35,USD
2026-06-19,C011,CR028,5725,20,0,191.93,0.00,USD
2026-06-19,C011,CR029,3581,12,0,119.28,0.00,USD
2026-06-20,C001,CR001,766,81,7,142.12,1160.93,USD
2026-06-20,C001,CR002,357,45,3,81.98,497.13,USD
2026-06-20,C002,CR003,1998,110,5,287.08,775.81,USD
2026-06-20,C002,CR004,1488,85,4,205.61,627.10,USD
2026-06-20,C002,CR005,1501,72,2,175.74,300.53,USD
2026-06-20,C002,CR006,991,57,3,139.41,476.38,USD
2026-06-20,C003,CR007,16066,891,15,18493.78,23546.78,INR
2026-06-20,C003,CR008,10322,674,11,15315.50,17769.13,INR
2026-06-20,C004,CR009,27390,354,8,388.68,1267.51,USD
2026-06-20,C004,CR010,28877,356,8,389.44,1401.53,USD
2026-06-20,C004,CR011,23082,275,6,292.77,924.28,USD
2026-06-20,C005,CR013,19067,323,24,311.85,1998.42,USD
2026-06-20,C005,CR014,11850,216,13,186.54,1002.91,USD
2026-06-20,C006,CR015,354711,3355,17,29911.85,24535.68,INR
2026-06-20,C006,CR016,305027,2973,14,25011.25,17813.25,INR
2026-06-20,C006,CR017,277769,2491,13,22335.29,18370.07,INR
2026-06-20,C007,CR018,27253,404,14,541.53,2398.30,USD
2026-06-20,C007,CR019,24999,359,10,437.44,1676.82,USD
2026-06-20,C007,CR020,16397,239,7,281.20,1265.21,USD
2026-06-20,C008,CR021,3430518,15674,8,60770.00,10439.42,INR
2026-06-20,C008,CR022,2939754,11487,5,42098.79,7311.00,INR
2026-06-20,C010,CR025,1647,9,1,114.42,548.43,USD
2026-06-20,C010,CR026,1368,8,1,92.20,530.07,USD
2026-06-20,C010,CR027,991,5,0,63.07,0.00,USD
2026-06-20, C011 ,CR028,2010,7,0,61.79,0.00,USD
2026-06-20,C011,CR029,1506,5,0,44.87,0.00,USD
2026-06-21,C001,CR001,644,79,8,144.08,1230.70,USD
2026-06-21,C001,CR002,353,40,3,72.97,509.98,USD
2026-06-21,C002,CR003,2114,101,4,281.08,605.95,USD
2026-06-21,C002,CR004,1347,72,2,183.28,287.86,USD
2026-06-21,C002,CR005,1217,66,2,176.25,289.65,USD
2026-06-21,C002,CR006,930,50,55,125.59,284.87,USD
2026-06-21,C003,CR007,12470,785,11,18028.40,18059.41,INR
2026-06-21,C003,CR008,12173,712,10,15141.22,16412.55,INR
2026-06-21,C004,CR009,28443,370,8,403.30,1355.14,USD
2026-06-21,C004,CR010,29988,357,8,369.67,1361.77,USD
2026-06-21,C004,CR011,25117,307,7,,1215.97,USD
2026-06-21,C005,CR013,16287,314,18,302.60,1485.35,USD
2026-06-21,C005,CR014,12541,223,13,194.59,1032.49,USD
2026-06-21,C006,CR015,321817,3346,14,30050.54,18192.24,INR
2026-06-21,C006,CR016,308271,3107,15,28905.10,19679.37,INR
2026-06-21,C006,CR017,223498,2290,12,21677.43,15114.02,INR
2026-06-21,C007,CR018,45512,742,23,916.62,4496.85,USD
2026-06-21,C007,CR019,30830,485,18,644.15,3399.34,USD
2026-06-21,C007,CR020,22259,323,11,404.13,2139.85,USD
2026-06-21,C008,CR021,4585636,19542,7,67168.12,10429.77,INR
2026-06-21,C008,CR022,3216243,13393,5,44745.04,6963.35,INR
2026-06-21,C010,CR025,1393,8,0,99.05,0.00,USD
2026-06-21,C010,CR026,1137,6,1,78.84,507.64,USD
2026-06-21,C010,CR027,783,4,1,52.82,523.46,USD
2026-06-21,C011,CR028,1730,6,0,54.05,0.00,USD
2026-06-21,C011,CR029,1114,4,0,39.30,0.00,USD
2026-06-22,C001,CR001,734,78,9,137.83,1549.40,USD
2026-06-22,C001,CR002,417,48,5,94.20,764.98,USD
2026-06-22,C002,CR003,2468,118,4,314.57,623.05,USD
2026-06-22,C002,CR004,1555,88,3,220.16,448.89,USD
2026-06-22,C002,CR005,1462,82,4,225.45,567.91,USD
2026-06-22,C002,CR006,1387,66,2,160.52,284.93,USD
2026-06-22,C003,CR007,16317,1002,13,21299.18,21670.32,INR
2026-06-22,C003,CR008,14246,880,14,18337.13,23968.94,INR
2026-06-22,C004,CR009,24912,323,8,334.47,1256.56,USD
2026-06-22,C004,CR010,24051,306,5,325.11,849.42,USD
2026-06-22,C004,CR011,21398,289,6,305.84,935.70,USD
2026-06-22,C005,CR013,21389,375,26,343.77,1926.67,USD
2026-06-22,C005,CR014,8324,157,8,150.20,667.66,USD
2026-06-22,C006,CR015,278437,2849,11,27272.70,14840.74,INR
2026-06-22,C006,CR016,275073,2396,13,22983.22,18366.19,INR
2026-06-22,C006,CR017,202372,2086,9,19098.12,12499.95,INR
2026-06-22,C007,CR018,69398,981,26,1145.33,4497.90,USD
2026-06-22,C007,CR019,40552,647,17,842.32,3320.72,USD
2026-06-22,C007,CR020,27539,442,13,513.74,2229.42,USD
2026-06-22,C008,CR021,3998061,16312,7,59904.46,10040.55,INR
2026-06-22,C008,CR022,2389628,10032,5,35648.31,6790.38,INR
2026-06-22,C010,CR025,5643,29,2,388.58,1095.02,USD
2026-06-22,C010,CR026,3974,23,1,311.08,523.45,USD
2026-06-22,C010,CR027,3297,17,1,214.55,542.19,USD
2026-06-22,C011,CR028,8461,27,0,229.89,0.00,USD
2026-06-22,C011,CR029,5303,20,0,180.52,0.00,USD
2026-06-23,C001,CR001,635,73,6,145.11,947.55,USD
2026-06-23,C001,CR002,494,57,5,104.68,869.29,USD
2026-06-23,C002,CR003,2764,142,6,340.80,930.57,USD
2026-06-23,C002,CR004,2026,96,3,231.17,487.19,USD
2026-06-23,C002,CR005,1730,87,3,216.08,457.27,USD
2026-06-23,C002,CR006,1095,55,2,153.67,321.49,USD
2026-06-23,C003,CR007,15625,1015,18,23822.70,30022.90,INR
2026-06-23,C003,CR008,12630,764,13,17342.46,19899.58,INR
2026-06-23,C004,CR009,28793,360,9,382.37,1484.16,USD
2026-06-23,C004,CR010,28562,371,9,384.80,1505.20,USD
2026-06-23,C004,CR011,25776,314,7,333.94,1089.42,USD
2026-06-23,C005,CR013,21387,363,22,351.56,1636.58,USD
2026-06-23,C005,CR014,10216,174,13,155.56,1042.37,USD
2026-06-23,C006,CR015,334154,3203,13,27007.34,16926.68,INR
2026-06-23,C006,CR016,298347,2772,17,25467.74,22591.36,INR
2026-06-23,C006,CR017,217526,2042,10,19060.21,14184.55,INR
2026-06-23,C007,CR018,67426,1080,35,1459.49,6279.07,USD
2026-06-23,C007,CR019,60538,1028,34,1229.85,6466.02,USD
2026-06-23,C007,CR020,38040,641,23,769.16,4394.38,USD
2026-06-23,C008,CR021,4029221,15858,7,59964.35,10085.95,INR
2026-06-23,C008,CR022,2334528,9240,3,34365.40,4267.34,INR
2026-06-23,C010,CR025,5925,36,3,436.20,1626.61,USD
2026-06-23,C010,CR026,4719,24,2,305.22,1102.66,USD
2026-06-23,C010,CR027,2977,17,2,228.99,991.69,USD
2026-06-23,C011,CR028,7054,27,0,233.18,0.00,USD
2026-06-23,C011,CR029,5424,18,0,162.66,0.00,USD
2026-06-24,C001,CR001,746,82,8,142.23,1364.69,USD
2026-06-24,C001,CR002,521,57,5,105.64,816.85,USD
2026-06-24,C002,CR003,2441,116,6,320.66,886.91,USD
2026-06-24,C002,CR004,1774,88,4,247.99,648.17,USD
2026-06-24,C002,CR005,1585,88,3,232.26,426.09,USD
2026-06-24,C002,CR006,1039,57,3,140.80,467.67,USD
2026-06-24,C003,CR007,16063,1002,15,21185.63,23309.12,INR
2026-06-24,C003,CR008,13614,813,13,18256.34,19740.00,INR
2026-06-24,C004,CR009,25195,345,9,406.84,1496.18,USD
2026-06-24,C004,CR010,27155,317,6,378.27,919.50,USD
2026-06-24,C004,CR011,22218,260,5,302.44,815.97,USD
2026-06-24,C005,CR013,16106,314,19,301.78,1577.40,USD
2026-06-24,C005,CR014,11322,188,13,179.30,998.50,USD
2026-06-24,C006,CR015,346707,3298,15,29609.74,21498.82,INR
2026-06-24,C006,CR016,322232,2910,15,26947.77,21050.12,INR
2026-06-24,C006,CR017,229488,2231,9,19113.07,12962.14,INR
2026-06-24,C007,CR018,135755,1990,69,2420.28,12456.11,USD
2026-06-24,C007,CR019,73572,1243,38,1545.67,6586.71,USD
2026-06-24,C007,CR020,55230,885,32,1149.54,5534.33,USD
2026-06-24,C008,CR021,3874122,16438,5,58163.01,6583.52,INR
2026-06-24,C008,CR022,2211287,10231,5,34819.51,6474.53,INR
2026-06-24,C010,CR025,5191,29,2,374.92,985.70,USD
2026-06-24,C010,CR026,5252,27,2,347.36,972.43,USD
2026-06-24,C010,CR027,3983,21,2,249.65,1112.30,USD
2026-06-24,C011,CR028,7295,26,0,241.28,0.00,USD
2026-06-24,C011,CR029,4914,19,0,167.19,0.00,USD
2026-06-25,C001,CR001,820,90,9,167.51,1506.45,USD
2026-06-25,C001,CR002,417,49,4,97.35,621.79,USD
2026-06-25,C002,CR003,2190,109,4,287.12,624.07,USD
2026-06-25,C002,CR004,1874,101,4,248.45,645.13,USD
2026-06-25,C002,CR005,1519,85,3,217.23,439.39,USD
2026-06-25,C002,CR006,1140,62,3,157.12,492.33,USD
2026-06-25,C003,CR007,19712,1126,14,25222.76,23535.45,INR
2026-06-25,C003,CR008,13819,894,12,20178.61,20716.59,INR
2026-06-25,C004,CR009,30073,379,7,414.33,1165.79,USD
2026-06-25,C004,CR010,29732,338,8,397.02,1314.86,USD
2026-06-25,C004,CR011,24104,302,7,320.74,1102.51,USD
2026-06-25,C005,CR013,20708,367,29,350.49,2198.29,USD
2026-06-25,C005,CR014,11064,207,12,174.50,937.02,USD
2026-06-25,C006,CR015,326294,3294,14,29734.06,20003.75,INR
2026-06-25,C006,CR016,278275,2817,15,24852.91,19589.11,INR
2026-06-25,C006,CR017,218828,2104,11,18893.37,13892.45,INR
2026-06-25,C007,CR018,134513,2312,67,2702.84,12805.18,USD
2026-06-25,C007,CR019,80870,1378,45,1778.46,8503.14,USD
2026-06-25,C007,CR020,75342,1098,33,1373.88,6197.65,USD
2026-06-25,C008,CR021,3817243,16489,7,58034.01,10533.10,INR
2026-06-25,C008,CR022,3004522,11922,4,40475.39,5956.51,INR
2026-06-25,C010,CR025,5138,31,2,387.60,1105.07,USD
2026-06-25,C010,CR026,4519,25,2,328.23,1117.22,USD
2026-06-25,C010,CR027,3218,19,1,226.38,494.51,USD
2026-06-25,C011,CR028,6924,23,0,208.12,0.00,USD
2026-06-25,C011,CR029,4623,17,0,159.39,0.00,USD
2026-06-26,C001,CR001,697,88,7,158.20,1194.93,USD
2026-06-26,C001,CR002,409,43,4,86.50,641.63,USD
2026-06-26,C002,CR003,2683,128,5,319.50,733.99,USD
2026-06-26,C002,CR004,1604,84,3,202.44,476.08,USD
2026-06-26,C002,CR005,1669,86,4,223.13,573.79,USD
2026-06-26,C002,CR006,1032,55,2,140.37,296.55,USD
2026-06-26,C003,CR007,13971,893,12,20308.49,18421.54,INR
2026-06-26,C003,CR008,14353,839,16,17505.67,27228.59,INR
2026-06-26,C004,CR009,25926,343,9,395.67,1531.29,USD
2026-06-26,C004,CR010,22361,301,6,335.91,995.23,USD
2026-06-26,C004,CR011,21766,278,6,312.15,1068.44,USD
2026-06-26,C005,CR013,20021,390,26,337.66,1995.76,USD
2026-06-26,C005,CR014,10254,181,12,170.61,977.36,USD
2026-06-26,C006,CR015,421754,3710,20,31360.24,28745.32,INR
2026-06-26,C006,CR016,350274,3088,15,27770.07,19148.52,INR
2026-06-26,C006,CR017,272750,2602,13,22267.49,17459.21,INR
2026-06-26,C007,CR018,136974,2060,73,2598.07,12471.25,USD
2026-06-26,C007,CR019,107187,1708,64,2065.46,11785.64,USD
2026-06-26,C007,CR020,73936,1229,36,1532.09,6854.59,USD
2026-06-26,C008,CR021,3760503,15091,7,57400.96,9622.73,INR
2026-06-26,C008,CR022,2659544,11042,5,42225.71,6907.95,INR
2026-06-26,C010,CR025,4884,28,2,339.67,1082.52,USD
2026-06-26,C010,CR026,4044,21,2,278.06,963.93,USD
2026-06-26,C010,CR027,2483,15,1,193.05,559.31,USD
2026-06-26,C011,CR028,5308,19,0,183.37,0.00,USD
2026-06-26,C011,CR029,4733,16,0,145.17,0.00,USD
2026-06-27,C001,CR001,587,67,6,127.45,996.52,USD
2026-06-27,C001,CR002,412,46,4,84.65,646.13,USD
2026-06-27,C002,CR003,1984,114,4,278.74,581.36,USD
2026-06-27,C002,CR004,1662,79,3,210.05,459.27,USD
2026-06-27,C002,CR005,1468,79,2,203.68,285.00,USD
2026-06-27,C002,CR006,847,42,2,115.90,300.15,USD
2026-06-27,C003,CR007,16156,986,12,20664.56,20307.24,INR
2026-06-27,C003,CR008,13127,797,12,16415.45,20783.32,INR
2026-06-27,C004,CR009,29992,360,8,379.21,1227.27,USD
2026-06-27,C004,CR010,27591,345,7,387.06,1204.30,USD
2026-06-27,C004,CR011,24007,307,6,363.02,1037.68,USD
2026-06-27,C005,CR013,20437,363,27,316.15,2095.65,USD
2026-06-27,C005,CR014,11690,220,11,192.77,890.68,USD
2026-06-27,C006,CR015,331495,3397,15,31993.10,19692.12,INR
2026-06-27,C006,CR016,312136,2821,17,24216.66,24470.76,INR
2026-06-27,C006,CR017,244791,2549,15,23820.02,20022.31,INR
2026-06-27,C007,CR018,146340,2433,83,2936.99,16248.44,USD
2026-06-27,C007,CR019,88748,1502,41,1896.24,6931.27,USD
2026-06-27,C007,CR020,63966,1064,32,1374.76,5719.86,USD
2026-06-27,C008,CR021,4220608,19283,8,66155.35,10979.03,INR
2026-06-27,C008,CR022,3276728,13035,4,44380.98,5515.87,INR
2026-06-27,C010,CR025,1421,8,0,94.14,0.00,USD
2026-06-27,C010,CR026,1147,7,0,91.87,0.00,USD
2026-06-27,C010,CR027,745,4,0,56.41,0.00,USD
2026-06-27,C011,CR028,1669,6,0,55.20,0.00,USD
2026-06-27,C011,CR029,1060,4,0,40.26,0.00,USD
2026-06-28,C001,CR001,604,73,6,145.85,924.95,USD
2026-06-28,C001,CR002,380,43,3,79.76,476.84,USD
2026-06-28,C002,CR003,2040,109,5,300.33,805.85,USD
2026-06-28,C002,CR004,1349,68,2,191.82,292.99,USD
2026-06-28,C002,CR005,1643,79,4,197.01,613.09,USD
2026-06-28,C002,CR006,983,48,2,128.91,304.47,USD
2026-06-28,C003,CR007,15901,893,13,19583.84,19767.40,INR
2026-06-28,C003,CR008,12443,731,13,17096.09,19647.35,INR
2026-06-28,C004,CR009,32686,439,11,454.39,1832.97,USD
2026-06-28,C004,CR010,26547,327,6,343.34,959.05,USD
2026-06-28,C004,CR011,22453,296,8,352.88,1289.06,USD
2026-06-28,C005,CR013,22568,419,30,363.37,2173.38,USD
2026-06-28,C005,CR014,9943,198,13,179.89,942.16,USD
2026-06-28,C006,CR015,334338,3392,21,32485.52,29232.04,INR
2026-06-28,C006,CR016,319434,2910,18,28236.07,25194.43,INR
2026-06-28,C006,CR017,264550,2352,9,21974.33,12058.89,INR
2026-06-28,C007,CR018,150819,2327,62,2724.62,10514.94,USD
2026-06-28,C007,CR019,103069,1655,59,1954.42,11336.95,USD
2026-06-28,C007,CR020,71176,1032,34,1327.16,,USD
2026-06-28,C008,CR021,3804131,17542,8,59213.66,12033.64,INR
2026-06-28,C008,CR022,2351669,9553,4,36611.80,5384.54,INR
2026-06-28,C010,CR025,1360,8,1,98.02,561.39,USD
2026-06-28,C010,CR026,1160,6,0,71.57,0.00,USD
2026-06-28,C010,CR027,859,5,0,59.22,0.00,USD
2026-06-28,C011,CR028,1360,5,0,49.26,0.00,USD
2026-06-28,C011,CR029,1197,4,0,39.41,0.00,USD
2026-06-29,C001,CR001,728,77,6,146.33,954.82,USD
2026-06-29,C001,CR002,433,54,5,103.71,871.97,USD
2026-06-29,C002,CR003,2357,124,5,344.64,753.36,USD
2026-06-29,C002,CR004,1681,87,3,231.06,464.22,USD
2026-06-29,C002,CR005,1680,82,3,204.15,466.42,USD
2026-06-29,C002,CR006,1154,59,2,163.07,304.79,USD
2026-06-29,C003,CR007,20530,1188,20,24846.57,33420.73,INR
2026-06-29,C003,CR008,16317,953,15,20630.28,24542.33,INR
2026-06-29,C004,CR009,31122,365,7,415.84,1120.66,USD
2026-06-29,C004,CR010,22074,291,7,327.55,1240.97,USD
2026-06-29,C004,CR011,23616,304,7,322.88,1182.01,USD
2026-06-29,C005,CR013,17941,311,22,0.00,1753.18,USD
2026-06-29,C005,CR014,10225,172,13,150.86,1089.10,USD
2026-06-29,C006,CR015,321053,2833,12,27043.43,15207.27,INR
2026-06-29,C006,CR016,291759,2710,13,23815.00,17159.12,INR
2026-06-29,C006,CR017,231096,2124,11,19342.37,15165.51,INR
2026-06-29,C007,CR018,103173,1648,63,1915.75,11190.40,USD
2026-06-29,C007,CR019,76020,1157,35,1483.48,5882.79,USD
2026-06-29,C007,CR020,62769,888,23,1116.02,3891.22,USD
2026-06-29,C008,CR021,3520450,15147,5,53895.26,6696.22,INR
2026-06-29,C008,CR022,2093375,9002,4,33224.64,6032.07,INR
2026-06-29,C010,CR025,5309,30,3,396.98,1648.15,USD
2026-06-29,C010,CR026,3932,23,2,293.69,1057.38,USD
2026-06-29,C010,CR027,3522,18,2,225.44,1018.92,USD
2026-06-29,C011,CR028,7659,27,0,238.63,0.00,USD
2026-06-29,C011,CR029,4669,17,0,156.23,0.00,USD
2026-06-30,C001,CR001,792,86,7,148.05,1195.88,USD
2026-06-30,C001,CR002,462,49,5,95.22,774.32,USD
2026-06-30,C002,CR003,2541,136,5,341.03,804.16,USD
2026-06-30,C002,CR004,2135,101,3,251.93,465.81,USD
2026-06-30,C002,CR005,1701,89,4,222.27,560.34,USD
2026-06-30,C002,CR006,953,52,3,131.82,434.73,USD
2026-06-30,C003,CR007,15868,932,13,21602.21,20686.59,INR
2026-06-30,C003,CR008,15089,1002,17,20636.31,29413.73,INR
2026-06-30,C004,CR009,26369,312,7,366.13,1181.76,USD
2026-06-30,C004,CR010,26163,309,8,326.25,1322.42,USD
2026-06-30,C004,CR011,19712,260,7,274.83,1150.40,USD
2026-06-30,C005,CR013,23792,397,28,0.00,2113.58,USD
2026-06-30,C005,CR014,9236,167,10,160.76,768.17,USD
2026-06-30,C006,CR015,335422,3224,15,28796.19,20204.66,INR
2026-06-30,C006,CR016,289871,3018,12,27024.89,15653.71,INR
2026-06-30,C006,CR017,250218,2357,11,21490.83,15885.33,INR
2026-06-30,C007,CR018,95571,1557,52,1830.71,9075.73,USD
2026-06-30,C007,CR019,69453,1088,28,1330.48,5210.47,USD
2026-06-30,C007,CR020,63193,895,25,1049.95,4468.37,USD
2026-06-30,C008,CR021,3528709,16006,6,62383.09,8468.29,INR
2026-06-30,C008,CR022,2332015,10154,4,34062.16,5440.11,INR
2026-06-30,C010,CR025,5007,30,2,386.63,1087.40,USD
2026-06-30,C010,CR026,5037,26,1,324.33,549.12,USD
2026-06-30,C010,CR027,3478,19,2,255.37,1119.18,USD
2026-06-30,C011,CR028,7476,24,0,234.92,0.00,USD
2026-06-30,C011,CR029,5386,18,0,162.45,0.00,USD
2026-07-01,C001,CR001,671,83,8,143.39,1312.12,USD
2026-07-01,C001,CR002,385,47,3,85.77,476.64,USD
2026-07-01,C002,CR003,2419,139,6,342.07,842.96,USD
2026-07-01,C002,CR004,2116,103,3,249.69,484.93,USD
2026-07-01,C002,CR005,1927,93,5,234.97,805.18,USD
2026-07-01,C002,CR006,1125,54,2,143.67,306.34,USD
2026-07-01,C003,CR007,19114,1098,18,24053.13,28020.74,INR
2026-07-01,C003,CR008,14267,837,15,19219.84,25051.80,INR
2026-07-01,C004,CR009,26159,338,8,359.87,1398.09,USD
2026-07-01,C004,CR010,27781,371,8,391.56,1310.16,USD
2026-07-01,C004,CR011,21803,250,5,279.76,871.87,USD
2026-07-01,C005,CR013,17894,340,23,303.03,1831.89,USD
2026-07-01,C005,CR014,10892,182,13,174.56,948.47,USD
2026-07-01,C006,CR015,351809,3113,18,29666.37,23101.85,INR
2026-07-01,C006,CR016,283199,2641,14,22271.24,18603.57,INR
2026-07-01,C006,CR017,193126,1968,12,18089.79,15967.88,INR
2026-07-01,C007,CR018,105071,1529,48,1783.83,9426.57,USD
2026-07-01,C007,CR019,70255,1000,32,1298.37,5912.79,USD
2026-07-01,C007,CR020,51628,746,25,924.07,4377.71,USD
2026-07-01,C008,CR021,3667522,16366,5,61787.55,7490.73,INR
2026-07-01,C008,CR022,2969898,11416,6,41531.14,8610.34,INR
2026-07-01,C009,CR023,77118,649,4,346.84,465.87,USD
2026-07-01,C009,CR024,67589,555,3,285.24,344.71,USD
2026-07-01,C010,CR025,5756,30,2,366.71,1118.43,USD
2026-07-01,C010,CR026,5070,29,1,340.07,527.01,USD
2026-07-01,C010,CR027,3392,20,1,253.99,480.49,USD
2026-07-01,C011,CR028,6856,26,0,223.22,0.00,USD
2026-07-01,C011,CR029,6317,21,0,173.28,0.00,USD
2026-07-02,C001,CR001,612,76,6,140.19,951.54,USD
2026-07-02,C001,CR002,437,52,4,96.08,671.30,USD
2026-07-02,C002,CR003,2651,136,6,337.82,930.64,USD
2026-07-02,C002,CR004,1527,84,3,209.55,451.43,USD
2026-07-02,C002,CR005,1614,91,3,223.70,456.34,USD
2026-07-02,C002,CR006,1264,60,3,157.80,450.03,USD
2026-07-02,C003,CR007,14587,954,17,22229.49,27412.06,INR
2026-07-02,C003,CR008,15934,916,12,20667.81,19636.31,INR
2026-07-02,C004,CR009,27556,337,8,370.41,1234.44,USD
2026-07-02,C004,CR010,28118,349,9,378.01,1404.93,USD
2026-07-02,C004,CR011,19675,257,6,289.89,996.28,USD
2026-07-02,C005,CR013,21931,368,29,335.38,2238.40,USD
2026-07-02,C005,CR014,8560,164,12,159.26,943.62,USD
2026-07-02,C006,CR015,328043,3211,17,31005.01,22206.73,INR
2026-07-02,C006,CR016,264849,2780,11,25157.53,13828.04,INR
2026-07-02,C006,CR017,221656,2130,13,20640.23,17225.55,INR
2026-07-02,C007,CR018,88169,1366,40,1584.68,7304.27,USD
2026-07-02,C007,CR019,50773,718,26,944.32,4712.37,USD
2026-07-02,C007,CR020,39718,584,21,754.83,3833.31,USD
2026-07-02,C008,CR021,4435855,18093,7,64866.51,10355.19,INR
2026-07-02,C008,CR022,2329342,10809,4,38671.59,5505.88,INR
2026-07-02,C009,CR023,63785,585,4,332.52,480.26,USD
2026-07-02,C009,CR024,56282,474,3,280.96,361.26,USD
2026-07-02,C010,CR025,6336,32,3,401.31,1450.00,USD
2026-07-02,C010,CR026,3842,22,2,282.47,1072.45,USD
2026-07-02,C010,CR027,3440,19,1,228.33,513.57,USD
2026-07-02,C011,CR028,7527,26,0,219.41,0.00,USD
2026-07-02,C011,CR029,5262,17,0,162.83,0.00,USD
2026-07-03,C001,CR001,760,82,8,141.30,1341.83,USD
2026-07-03,C001,CR002,527,57,6,100.81,981.28,USD
2026-07-03,C002,CR003,2533,127,6,307.56,981.03,USD
2026-07-03,C002,CR004,1580,79,3,208.83,467.85,USD
2026-07-03,C002,CR005,1535,74,2,189.72,288.24,USD
2026-07-03,C002,CR006,1132,57,2,148.45,327.88,USD
2026-07-03,C003,CR007,15170,1025,15,24392.52,23674.97,INR
2026-07-03,C003,CR008,14878,921,15,19865.79,24871.65,INR
2026-07-03,C004,CR009,26037,357,8,376.00,1238.02,USD
2026-07-03,C004,CR010,32694,384,7,416.70,1154.91,USD
2026-07-03,C004,CR011,26141,316,7,357.04,1151.87,USD
2026-07-03,C005,CR013,19549,373,25,313.13,1798.05,USD
2026-07-03,C005,CR014,13310,218,14,183.34,1046.07,USD
2026-07-03,C006,CR015,345121,3376,18,28319.33,22723.71,INR
2026-07-03,C006,CR016,314093,3058,14,27954.82,18067.10,INR
2026-07-03,C006,CR017,259582,2346,11,20749.98,15135.58,INR
2026-07-03,C007,CR018,72559,1095,35,1408.71,6785.52,USD
2026-07-03,C007,CR019,57525,911,24,1069.11,4262.61,USD
2026-07-03,C007,CR020,28762,470,,614.21,3025.65,USD
2026-07-03,C008,CR021,4262791,16845,8,61796.16,10747.93,INR
2026-07-03,C008,CR022,3039008,12155,4,43261.77,5249.11,INR
2026-07-03,C009,CR023,69596,615,3,344.80,366.42,USD
2026-07-03,C009,CR024,50864,477,3,272.75,326.03,USD
2026-07-03,C010,CR025,4388,25,2,339.55,998.51,USD
2026-07-03,C010,CR026,3936,20,1,254.75,531.65,USD
2026-07-03,C010,CR027,2567,15,1,176.60,521.45,USD
2026-07-03,C011,CR028,4959,18,0,176.70,0.00,USD
2026-07-03,C011,CR029,3894,13,0,120.13,0.00,USD
2026-07-04,C001,CR001,624,75,7,146.48,1072.01,USD
2026-07-04,C001,CR002,438,52,4,90.99,704.80,USD
2026-07-04,C002,CR003,2175,104,3,253.40,450.56,USD
2026-07-04,C002,CR004,1384,77,3,202.33,479.87,USD
2026-07-04,C002,CR005,1460,75,3,188.06,467.70,USD
2026-07-04,C002,CR006,936,51,3,130.76,469.99,USD
2026-07-04,C003,CR007,14168,852,14,18959.40,20960.41,INR
2026-07-04,C003,CR008,13316,885,14,18267.18,23150.92,INR
2026-07-04,C004,CR009,27284,342,8,359.45,1256.10,USD
2026-07-04,C004,CR010,31804,371,10,381.22,1641.30,USD
2026-07-04,C004,CR011,20298,254,5,290.12,809.41,USD
2026-07-04,C005,CR013,21333,364,26,330.33,2098.50,USD
2026-07-04,C005,CR014,12349,227,18,193.41,1419.27,USD
2026-07-04,C006,CR015,361240,3453,20,30214.89,25402.59,INR
2026-07-04,C006,CR016,311756,2813,13,27474.78,16772.53,INR
2026-07-04,C006,CR017,253951,2464,10,22389.86,12989.12,INR
2026-07-04,C007,CR018,68355,1030,29,1201.29,5247.91,USD
2026-07-04,C007,CR019,40033,686,18,844.65,3530.48,USD
2026-07-04,C007,CR020,31989,539,18,672.90,3233.04,USD
2026-07-04,C008,CR021,3971856,16586,5,60730.88,6882.04,INR
2026-07-04,C008,CR022,3136837,11988,4,44261.95,5291.47,INR
2026-07-04,C009,CR023,75193,660,4,362.28,475.46,USD
2026-07-04,C009,CR024,66077,592,3,311.18,326.30,USD
2026-07-04,C010,CR025,1446,8,1,96.81,533.71,USD
2026-07-04,C010,CR026,1239,7,0,84.54,0.00,USD
2026-07-04,C010,CR027,941,5,0,60.64,0.00,USD
2026-07-04,C011,CR028,2126,7,0,64.78,0.00,USD
2026-07-04,C011,CR029,1372,5,0,48.27,0.00,USD
2026-07-05,C001,CR001,677,76,7,138.48,1216.24,USD
2026-07-05,C001,CR002,378,46,5,84.28,850.02,USD
2026-07-05,C002,CR003,2032,101,3,263.87,472.05,USD
2026-07-05,C002,CR004,1455,78,4,210.65,636.83,USD
2026-07-05,C002,CR005,1435,74,2,198.86,321.77,USD
2026-07-05,C002,CR006,852,42,1,116.62,141.53,USD
2026-07-05,C003,CR007,14787,935,14,19577.66,23005.51,INR
2026-07-05,C003,CR008,9979,645,12,15003.94,20867.92,INR
2026-07-05,C004,CR009,26009,337,7,387.77,1246.57,USD
2026-07-05,C004,CR010,24828,325,9,381.47,1539.21,USD
2026-07-05,C004,CR011,20335,258,6,294.44,911.52,USD
2026-07-05,C005,CR013,19434,336,18,317.77,1392.98,USD
2026-07-05,C005,CR014,10115,193,14,167.46,1163.97,USD
2026-07-05,C006,CR015,380196,3595,22,31162.40,31632.17,INR
2026-07-05,C006,CR016,291634,2885,16,26965.70,21657.28,INR
2026-07-05,C006,CR017,207602,2187,12,21386.04,16141.76,INR
2026-07-05,C007,CR018,60085,898,30,1148.77,5604.65,USD
2026-07-05,C007,CR019,38601,574,17,754.81,3034.19,USD
2026-07-05,C007,CR020,31365,452,12,555.32,2142.46,USD
2026-07-05,C008,CR021,3992853,15866,7,57552.98,10123.06,INR
2026-07-05,C008,CR022,2765475,11716,6,44699.08,8992.02,INR
2026-07-05,C009,CR023,73887,699,4,391.73,478.77,USD
2026-07-05, C009 ,CR024,57930,505,4,299.51,460.55,USD
2026-07-05,C010,CR025,1640,9,1,100.96,540.05,USD
2026-07-05,C010,CR026,1059,6,0,76.72,0.00,USD
2026-07-05,C010,CR027,718,4,0,50.27,0.00,USD
2026-07-05,C011,CR028,1494,5,0,48.72,0.00,USD
2026-07-05,C011,CR029,1130,4,0,35.23,0.00,USD
2026-07-06,C001,CR001,624,79,7,148.42,1140.79,USD
2026-07-06,C001,CR002,461,58,6,100.04,912.63,USD
2026-07-06,C002,CR003,2494,125,5,308.51,761.75,USD
2026-07-06,C002,CR004,1510,85,3,231.19,452.44,USD
2026-07-06,C002,CR005,1902,95,4,239.55,637.96,USD
2026-07-06,C002,CR006,930,50,1,134.12,152.88,USD
2026-07-06,C003,CR007,19926,1111,18,23784.49,28705.93,INR
2026-07-06,C003,CR008,15393,890,11,19895.79,19107.61,INR
2026-07-06,C004,CR009,23914,327,6,379.51,1023.25,USD
2026-07-06,C004,CR010,23872,299,7,352.73,1104.43,USD
2026-07-06,C004,CR011,19928,231,5,267.67,822.46,USD
2026-07-06,C005,CR013,20502,348,24,318.47,1900.92,USD
2026-07-06,C005,CR014,9887,194,13,175.08,1056.83,USD
2026-07-06,C006,CR015,385057,3677,16,30771.64,20112.12,INR
2026-07-06,C006,CR016,350651,3123,13,26245.98,18591.48,INR
2026-07-06,C006,CR017,293638,2595,15,21653.99,19885.50,INR
2026-07-06,C007,CR018,48418,733,20,961.99,3925.47,USD
2026-07-06,C007,CR019,39411,571,21,682.64,3884.31,USD
2026-07-06,C007,CR020,22544,346,12,447.63,2225.05,USD
2026-07-06,C008,CR021,3194024,14140,6,49945.71,8181.31,INR
2026-07-06,C008,CR022,2248555,8919,3,34038.02,4168.51,INR
2026-07-06,C009,CR023,72361,693,4,370.40,448.49,USD
2026-07-06,C009,CR024,54298,474,2,268.47,231.50,USD
2026-07-06,C010,CR025,6112,34,3,409.05,1478.49,USD
2026-07-06,C010,CR026,4770,24,1,289.76,486.42,USD
2026-07-06,C010,CR027,3188,17,1,226.66,525.50,USD
2026-07-06,C011,CR028,8644,29,0,241.88,0.00,USD
2026-07-06,C011,CR029,4508,17,0,155.36,0.00,USD
2026-07-06,C013,CR040,17308,225,9,258.75,1485.00,USD
2026-07-07,C001,CR001,768,81,7,148.24,1216.69,USD
2026-07-07,C001,CR002,424,52,5,94.44,846.17,USD
2026-07-07,C002,CR003,2133,111,5,313.72,790.86,USD
2026-07-07,C002,CR004,2079,106,4,263.24,595.85,USD
2026-07-07,C002,CR005,1703,96,4,236.74,577.05,USD
2026-07-07,C002,CR006,1066,58,2,150.60,286.71,USD
2026-07-07,C003,CR007,14590,927,17,21568.39,29020.05,INR
2026-07-07,C003,CR008,12096,812,14,17820.93,21081.88,INR
2026-07-07,C004,CR009,29642,344,8,366.10,1289.91,USD
2026-07-07,C004,CR010,24955,299,8,333.50,1252.80,USD
2026-07-07,C004,CR011,19969,258,7,305.27,1122.95,USD
2026-07-07,C005,CR013,20914,351,26,314.83,1924.51,USD
2026-07-07,C005,CR014,9383,186,11,165.59,853.88,USD
2026-07-07,C006,CR015,341330,3170,18,30394.64,,INR
2026-07-07,C006,CR016,261068,2455,12,22162.53,16475.90,INR
2026-07-07,C006,CR017,225838,2113,12,19901.57,16566.91,INR
2026-07-07,C007,CR018,45639,738,24,873.44,4138.40,USD
2026-07-07,C007,CR019,37706,558,21,658.69,3548.82,USD
2026-07-07,C007,CR020,23436,332,12,423.80,2345.26,USD
2026-07-07,C008,CR021,4024908,17973,7,63032.15,9987.97,INR
2026-07-07,C008,CR022,2944297,11841,6,39803.44,8046.63,INR
2026-07-07,C009,CR023,65225,583,4,328.51,486.90,USD
2026-07-07,C009,CR024,44485,434,3,251.44,370.41,USD
2026-07-07,C010,CR025,5259,28,3,376.24,1519.78,USD
2026-07-07,C010,CR026,4938,27,2,337.47,1016.72,USD
2026-07-07,C010,CR027,3191,18,1,236.55,484.36,USD
2026-07-07,C011,CR028,7020,26,0,236.88,0.00,USD
2026-07-07,C011,CR029,4720,17,0,163.87,0.00,USD
2026-07-08,C001,CR001,756,90,9,167.72,1570.39,USD
2026-07-08,C001,CR002,439,46,3,88.26,467.13,USD
2026-07-08,C002,CR003,2485,130,5,334.56,773.08,USD
2026-07-08,C002,CR004,1560,82,4,227.00,627.69,USD
2026-07-08,C002,CR005,1592,82,3,217.35,449.95,USD
2026-07-08,C002,CR006,1009,58,3,151.26,489.89,USD
2026-07-08,C003,CR007,17379,1159,20,26041.85,33683.41,INR
2026-07-08,C003,CR008,14063,941,14,21301.02,21656.10,INR
2026-07-08,C004,CR009,30335,356,8,415.34,1385.63,USD
2026-07-08,C004,CR010,24060,314,7,338.81,1183.77,USD
2026-07-08,C004,CR011,24397,292,8,323.00,1397.84,USD
2026-07-08,C005,CR013,22250,377,26,347.25,2008.27,USD
2026-07-08,C005,CR014,10086,195,13,176.73,1091.85,USD
2026-07-08,C006,CR015,375923,3481,15,32796.54,21164.75,INR
2026-07-08,C006,CR016,266198,2331,11,22636.42,14161.69,INR
2026-07-08,C006,CR017,230285,2007,8,19403.47,10242.49,INR
2026-07-08,C007,CR018,50995,729,21,893.34,4034.61,USD
2026-07-08,C007,CR019,32486,487,14,609.95,2582.06,USD
2026-07-08,C007,CR020,24178,352,13,422.71,2287.44,USD
2026-07-08,C008,CR021,3754022,17393,6,58416.14,8205.64,INR
2026-07-08,C008,CR022,2483947,9704,5,34434.06,6772.25,INR
2026-07-08,C009,CR023,72555,600,4,352.29,491.34,USD
2026-07-08,C009,CR024,59510,500,3,263.48,328.50,USD
2026-07-08,C010,CR025,6554,35,2,434.19,1065.91,USD
2026-07-08,C010,CR026,4613,24,1,,558.94,USD
2026-07-08,C010,CR026,4613,24,1,314.12,558.94,USD
2026-07-08,C010,CR027,3711,20,1,238.72,547.67,USD
2026-07-08,C011,CR028,7153,23,0,207.83,0.00,USD
2026-07-08,C011,CR029,4900,19,0,181.15,0.00,USD
2026-07-09,C001,CR001,588,69,7,136.66,1205.23,USD
2026-07-09,C001,CR002,504,53,5,97.67,891.00,USD
2026-07-09,C002,CR003,2227,118,5,313.06,780.65,USD
2026-07-09,C002,CR004,1898,103,3,263.46,480.36,USD
2026-07-09,C002,CR005,1675,84,3,218.90,453.60,USD
2026-07-09,C002,CR006,1030,59,3,156.99,441.94,USD
2026-07-09,C003,CR007,17661,1115,16,25126.56,26845.97,INR
2026-07-09,C003,CR008,12649,825,11,18919.39,16799.43,INR
2026-07-09,C004,CR009,24350,305,8,339.69,1401.77,USD
2026-07-09,C004,CR010,23528,315,9,350.08,1407.36,USD
2026-07-09,C004,CR011,28127,321,7,328.06,1196.80,USD
2026-07-09,C005,CR013,20589,387,21,346.06,1659.81,USD
2026-07-09,C005,CR014,10896,188,11,164.76,913.72,USD
2026-07-09,C006,CR015,336171,3137,18,28940.55,24722.59,INR
2026-07-09,C006,CR016,296969,2912,12,27845.80,17053.18,INR
2026-07-09,C006,CR017,232084,2137,8,18570.03,11312.94,INR
2026-07-09,C007,CR018,40844,584,20,703.19,3905.73,USD
2026-07-09,C007,CR019,30779,478,14,594.86,2438.89,USD
2026-07-09,C007,CR020,19808,330,10,384.25,1862.28,USD
2026-07-09,C008,CR021,3869551,16611,8,58395.08,11058.57,INR
2026-07-09,C008,CR022,2227363,8991,3,35165.28,4138.65,INR
2026-07-09,C009,CR023,62486,613,4,312.39,486.59,USD
2026-07-09,C009,CR024,59554,547,4,316.26,458.68,USD
2026-07-09,C010,CR025,5650,33,3,385.13,1644.31,USD
2026-07-09,C010,CR026,4684,25,2,307.32,979.34,USD
2026-07-09,C010,CR027,3247,19,2,254.23,1104.38,USD
2026-07-09,C011,CR028,7384,24,0,211.59,0.00,USD
2026-07-09,C011,CR029,4609,17,0,158.50,0.00,USD
2026-07-10,C001,CR001,622,71,5,131.93,800.45,USD
2026-07-10,C001,CR002,449,47,4,84.07,631.71,USD
2026-07-10,C002,CR003,2283,123,4,319.47,629.49,USD
2026-07-10,C002,CR004,1694,94,4,232.30,628.74,USD
2026-07-10,C002,CR005,1773,84,3,217.23,420.17,USD
2026-07-10,C002,CR006,1173,57,2,150.41,307.32,USD
2026-07-10,C003,CR007,16190,913,17,20813.97,26245.54,INR
2026-07-10,C003,CR008,11778,791,10,18233.30,14912.29,INR
2026-07-10,C004,CR009,28017,380,9,435.30,1417.83,USD
2026-07-10,C004,CR010,33273,395,10,407.49,1727.98,USD
2026-07-10,C004,CR011,21229,286,8,331.36,1233.97,USD
2026-07-10,C005,CR013,20417,350,19,304.78,1447.70,USD
2026-07-10,C005,CR014,10736,184,10,169.06,772.16,USD
2026-07-10,C006,CR015,438068,3980,24,34084.40,30308.77,INR
2026-07-10,C006,CR016,310890,2793,15,27014.17,21213.27,INR
2026-07-10,C006,CR017,242857,2297,9,19673.57,12517.43,INR
2026-07-10,C007,CR018,34065,530,16,691.18,2906.76,USD
2026-07-10,C007,CR019,28031,421,12,548.27,2018.45,USD
2026-07-10,C007,CR020,23619,359,10,424.84,1682.37,USD
2026-07-10,C008,CR021,4760821,19760,7,68968.62,10197.71,INR
2026-07-10,C008,CR022,2420524,10419,4,38999.94,5745.20,INR
2026-07-10,C009,CR023,81536,759,5,409.79,587.15,USD
2026-07-10,C009,CR024,65758,586,4,328.70,498.10,USD
2026-07-10,C010,CR025,5789,29,3,339.13,1670.78,USD
2026-07-10,C010,CR026,3313,17,1,224.96,553.06,USD
2026-07-10,C010,CR027,3056,16,1,187.51,484.30,USD
2026-07-10,C011,CR028,5056,17,0,164.16,0.00,USD
2026-07-10,C011,CR029,4097,14,0,137.50,0.00,USD
2026-07-10,C013,CR040,37692,490,10,563.50,1650.00,USD
2026-07-11,C001,CR001,563,66,6,126.30,917.77,USD
2026-07-11,C001,CR002,358,40,5,75.49,844.08,USD
2026-07-11,C002,CR003,2263,113,5,305.80,762.13,USD
2026-07-11,C002,CR004,1814,93,3,223.78,436.26,USD
2026-07-11,C002,CR005,1333,72,2,174.62,324.09,USD
2026-07-11,C002,CR006,948,53,2,142.25,293.96,USD
2026-07-11,C003,CR007,17348,1033,19,21610.73,32286.33,INR
2026-07-11,C003,CR008,12905,781,11,16502.03,16412.57,INR
2026-07-11,C004,CR009,31122,391,7,406.56,1200.41,USD
2026-07-11,C004,CR010,27413,373,8,398.92,1365.60,USD
2026-07-11,C004,CR011,25482,333,9,356.49,1389.89,USD
2026-07-11,C005,CR013,19528,367,29,330.57,2271.98,USD
2026-07-11,C005,CR014,11674,225,14,190.24,1093.32,USD
2026-07-11,C006,CR015,377594,3543,22,33895.33,30167.87,INR
2026-07-11,C006,CR016,344730,3150,18,26936.83,25564.62,INR
2026-07-11,C006,CR017,311784,2789,16,23392.89,22211.64,INR
2026-07-11,C007,CR018,37671,623,17,738.72,3224.55,USD
2026-07-11,C007,CR019,28381,416,14,523.99,2547.74,USD
2026-07-11,C007,CR020,20288,289,10,376.17,1690.34,USD
2026-07-11,C008,CR021,4005005,18133,8,70906.49,11329.85,INR
2026-07-11,C008,CR022,2712597,10947,6,38179.85,8815.71,INR
2026-07-11,C009,CR023,68896,669,4,348.73,494.61,USD
2026-07-11,C009,CR024,56528,506,4,296.88,457.01,USD
2026-07-11,C010,CR025,1581,8,1,106.33,553.02,USD
2026-07-11,C010,CR026,1084,6,0,79.44,0.00,USD
2026-07-11,C010,CR027,954,5,0,66.74,0.00,USD
2026-07-11,C011,CR028,1725,6,0,56.78,0.00,USD
2026-07-11,C011,CR029,1333,5,0,42.20,0.00,USD
2026-07-12,C001,CR001,658,69,6,122.41,946.83,USD
2026-07-12,C001,CR002,347,43,4,81.34,648.17,USD
2026-07-12,C002,CR003,2088,113,4,281.50,577.85,USD
2026-07-12,C002,CR004,1316,76,3,202.22,489.38,USD
2026-07-12,C002,CR005,1364,72,3,202.18,429.58,USD
2026-07-12,C002,CR006,990,48,2,127.64,320.88,USD
2026-07-12,C003,CR007,12098,815,12,18420.69,20747.30,INR
2026-07-12,C003,CR008,14044,865,16,18280.54,27035.19,INR
2026-07-12,C004,CR009,33194,423,7,435.91,1145.33,USD
2026-07-12,C004,CR010,24076,330,7,338.59,1124.45,USD
2026-07-12,C004,CR011,22004,305,8,349.64,1345.46,USD
2026-07-12,C005,CR013,21621,372,24,351.74,1986.38,USD
2026-07-12,C005,CR014,11392,193,12,180.89,889.55,USD
2026-07-12,C006,CR015,463379,4079,23,34233.50,32305.44,INR
2026-07-12,C006,CR016,285798,2840,18,24686.04,25622.42,INR
2026-07-12,C006,CR017,234775,2275,13,19065.34,17804.08,INR
2026-07-12,C007,CR018,42299,613,19,724.40,3449.91,USD
2026-07-12,C007,CR019,23574,362,13,468.03,2198.80,USD
2026-07-12,C007,CR020,19965,309,10,358.78,1938.20,USD
2026-07-12,C008,CR021,4340852,16620,6,60115.07,8590.01,INR
2026-07-12,C008,CR022,2810331,11896,6,43591.86,8280.68,INR
2026-07-12,C009,CR023,86142,741,5,404.12,564.16,USD
2026-07-12,C009,CR024,62240,546,4,303.38,491.38,USD
2026-07-12,C010,CR025,1422,8,1,100.79,508.75,USD
2026-07-12,C010,CR026,992,5,0,68.56,0.00,USD
2026-07-12,C010,CR027,838,5,0,62.18,0.00,USD
2026-07-12,C011,CR028,1426,5,0,47.72,0.00,USD
2026-07-12,C011,CR029,1169,4,0,42.55,0.00,USD
2026-07-13,C001,CR001,693,79,8,145.45,1332.71,USD
2026-07-13,C001,CR002,451,57,6,105.41,1058.44,USD
2026-07-13,C002,CR003,2420,118,5,306.62,803.65,USD
2026-07-13,C002,CR004,1730,86,4,229.22,649.20,USD
2026-07-13,C002,CR005,1800,88,3,238.18,422.23,USD
2026-07-13,C002,CR006,1163,56,2,146.89,289.19,USD
2026-07-13,C003,CR007,18616,1035,13,21248.68,22309.75,INR
2026-07-13,C003,CR008,15362,895,12,20393.53,18070.81,INR
2026-07-13,C004,CR009,31378,383,8,413.47,1344.06,USD
2026-07-13,C004,CR010,27046,363,8,373.54,1308.20,USD
2026-07-13,C004,CR011,22508,271,6,322.74,923.11,USD
2026-07-13,C005,CR013,22330,367,19,312.23,1513.38,USD
2026-07-13,C005,CR014,10214,202,17,171.74,1388.57,USD
2026-07-13,C006,CR015,280902,2837,16,27227.80,21544.67,INR
2026-07-13,C006,CR016,306541,3118,15,26047.97,21653.51,INR
2026-07-13,C006,CR017,213174,1878,10,17701.16,14273.88,INR
2026-07-13,C007,CR018,33353,515,14,638.07,2581.01,USD
2026-07-13,C007,CR019,19076,320,12,396.39,2147.94,USD
2026-07-13,C007,CR020,15417,239,7,324.64,1243.98,USD
2026-07-13,C008,CR021,3242130,14154,7,51412.26,9760.02,INR
2026-07-13,C008,CR022,2232862,8629,4,33411.90,5745.67,INR
2026-07-13,C009,CR023,57240,563,4,329.59,467.02,USD
2026-07-13,C009,CR024,60743,579,3,302.65,378.98,USD
2026-07-13,C010,CR025,4818,28,2,350.94,1071.59,USD
2026-07-13,C010,CR026,4116,25,2,296.36,959.92,USD
2026-07-13,C010,CR027,3473,20,1,236.24,505.29,USD
2026-07-13,C011,CR028,6869,24,0,231.89,0.00,USD
2026-07-13,C011,CR029,4950,17,0,162.62,0.00,USD
2026-07-14,C001,CR001,753,94,10,169.32,1552.87,USD
2026-07-14,C001,CR002,391,44,3,85.64,518.82,USD
2026-07-14,C002,CR003,2167,105,4,286.45,619.60,USD
2026-07-14,C002,CR004,2090,100,3,259.52,424.11,USD
2026-07-14,C002,CR005,1781,96,4,237.43,611.63,USD
2026-07-14,C002,CR006,1245,65,3,165.16,439.30,USD
2026-07-14,C003,CR007,16529,918,14,21299.47,21169.10,INR
2026-07-14,C003,CR008,13340,802,13,19158.08,20069.35,INR
2026-07-14,C004,CR009,22370,292,5,336.09,802.38,USD
2026-07-14,C004,CR010,24722,320,7,330.03,1129.23,USD
2026-07-14,C004,CR011,22375,263,5,310.14,847.85,USD
2026-07-14,C005,CR013,15521,304,23,291.86,1652.68,USD
2026-07-14,C005,CR014,9015,177,11,151.67,847.65,USD
2026-07-14,C006,CR015,322360,3032,18,28319.68,25613.40,INR
2026-07-14,C006,CR016,258533,2595,15,24383.73,20068.03,INR
2026-07-14,C006,CR017,207822,2033,12,17780.74,15833.65,INR
2026-07-14,C007,CR018,35390,539,20,632.99,3749.24,USD
2026-07-14,C007,CR019,24601,361,11,482.27,1972.35,USD
2026-07-14,C007,CR020,15561,234,8,313.37,1495.07,USD
2026-07-14,C008,CR021,4480838,17508,6,59172.19,7854.12,INR
2026-07-14,C008,CR022,2397875,10453,5,40485.72,6645.06,INR
2026-07-14,C009,CR023,70488,635,3,353.80,329.19,USD
2026-07-14,C009,CR024,61051,568,3,310.55,354.71,USD
2026-07-14,C010,CR025,6554,34,3,420.67,1525.36,USD
2026-07-14,C010,CR026,4723,25,1,293.54,490.58,USD
2026-07-14,C010,CR027,3185,19,1,246.67,506.60,USD
2026-07-14,C011,CR028,7787,29,0,242.51,0.00,USD
2026-07-14,C011,CR029,5311,17,0,161.63,0.00,USD
2026-07-14,C013,CR040,39308,511,9,587.65,1485.00,USD
2026-07-15,C001,CR001,696,83,6,153.35,939.68,USD
2026-07-15,C001,CR002,445,50,5,91.05,777.15,USD
2026-07-15,C002,CR003,2542,139,7,336.29,998.86,USD
2026-07-15,C002,CR004,1807,98,4,254.50,611.27,USD
2026-07-15,C002,CR005,1521,85,4,220.28,620.44,USD
2026-07-15,C002,CR006,880,46,2,130.65,295.36,USD
2026-07-15,C003,CR007,17613,1178,16,25188.45,25985.19,INR
2026-07-15,C003,CR008,12634,782,12,17422.35,20341.69,INR
2026-07-15,C004,CR009,24136,303,8,353.08,1409.55,USD
2026-07-15,C004,CR010,23993,303,8,313.47,1375.87,USD
2026-07-15,C004,CR011,19051,253,7,283.01,1123.98,USD
2026-07-15,C005,CR013,21104,349,21,329.70,1709.76,USD
2026-07-15,C005,CR014,10571,180,12,152.72,886.14,USD
2026-07-15,C006,CR015,321527,3390,19,32411.15,25450.38,INR
2026-07-15,C006,CR016,310981,2867,15,25056.06,21458.88,INR
2026-07-15,C006,CR017,247304,2371,14,20872.50,17740.66,INR
2026-07-15,C007,CR018,28028,407,16,494.45,2785.16,USD
2026-07-15,C007,CR019,23121,331,9,392.89,1627.57,USD
2026-07-15,C007,CR020,13939,222,6,270.00,1021.44,USD
2026-07-15,C008,CR021,4310875,16505,7,56236.21,10368.03,INR
2026-07-15,C008,CR022,2894363,11541,5,42774.38,7253.70,INR
2026-07-15,C009,CR023,71182,640,4,327.54,504.89,USD
2026-07-15,C009,CR024,52152,494,3,257.43,341.91,USD
2026-07-15,C010,CR025,6206,36,3,434.15,1519.74,USD
2026-07-15,C010,CR026,4552,26,2,330.08,1032.05,USD
2026-07-15,C010,CR027,3723,22,2,260.40,1029.28,USD
2026-07-15,C011,CR028,7876,28,0,236.37,0.00,USD
2026-07-15,C011,CR029,5266,19,0,171.33,0.00,USD
2026-07-16,C001,CR001,696,79,8,150.54,1222.41,USD
2026-07-16,C001,CR002,524,57,5,103.61,889.71,USD
2026-07-16,C002,CR003,2255,119,5,287.60,741.69,USD
2026-07-16,C002,CR004,1802,86,3,223.24,462.72,USD
2026-07-16,C002,CR005,1730,86,4,234.26,632.42,USD
2026-07-16,C002,CR006,977,47,2,131.83,288.38,USD
2026-07-16,C003,CR007,18522,1191,20,24821.35,33799.62,INR
2026-07-16,C003,CR008,14176,835,11,18544.64,18673.75,INR
2026-07-16,C004,CR009,29065,334,8,352.46,1401.76,USD
2026-07-16,C004,CR010,26269,331,8,339.83,1374.28,USD
2026-07-16,C004,CR011,26704,306,8,320.81,1256.87,USD
2026-07-16,C005,CR013,19385,327,21,315.98,1519.36,USD
2026-07-16,C005,CR014,9471,178,12,166.60,909.88,USD
2026-07-16,C006,CR015,347777,3342,14,31822.18,18629.30,INR
2026-07-16,C006,CR016,278074,2626,14,25569.12,18332.66,INR
2026-07-16,C006,CR017,275497,2550,12,22153.38,15986.20,INR
2026-07-16,C007,CR018,21458,320,12,419.05,2292.51,USD
2026-07-16,C007,CR019,18865,284,9,343.61,1689.85,USD
2026-07-16,C007,CR020,13162,200,205,269.80,923.45,USD
2026-07-16,C008,CR021,3792707,14957,7,57776.02,10377.33,INR
2026-07-16,C008,CR022,2333446,9912,5,35545.97,6529.44,INR
2026-07-16,C009,CR023,70435,667,4,381.75,471.78,USD
2026-07-16,C009,CR024,70769,601,5,311.24,565.74,USD
2026-07-16,C010,CR025,6806,35,3,424.13,1559.57,USD
2026-07-16,C010,CR026,4636,25,2,307.13,1064.87,USD
2026-07-16,C010,CR027,3453,20,1,247.54,479.36,usd
2026-07-16,C011,CR028,7057,23,0,209.97,0.00,USD
2026-07-16,C011,CR029,4690,15,0,145.41,0.00,USD
2026-07-17,C001,CR001,531,67,7,134.41,1090.43,USD
2026-07-17,C001,CR002,456,52,3,97.55,482.90,USD
2026-07-17,C002,CR003,2353,113,5,280.75,731.35,USD
2026-07-17,C002,CR004,1998,95,4,230.78,596.91,USD
2026-07-17,C002,CR005,1621,83,3,205.33,435.09,USD
2026-07-17,C002,CR006,1221,58,2,147.00,289.98,USD
2026-07-17,C003,CR007,14769,970,16,22730.93,23869.27,INR
2026-07-17,C003,CR008,13551,870,13,18769.11,20707.34,INR
2026-07-17,C004,CR009,29744,381,10,408.49,1549.02,USD
2026-07-17,C004,CR010,25752,357,10,370.07,1586.75,USD
2026-07-17,C004,CR011,20652,256,7,287.18,1238.34,USD
2026-07-17,C004,CR011,20652,256,7,287.18,1238.34,USD
2026-07-17,C005,CR013,23519,385,20,355.12,1530.80,USD
2026-07-17,C005,CR014,10077,198,12,168.77,890.58,USD
2026-07-17,C006,CR015,389830,4016,,35108.22,24007.73,INR
2026-07-17,C006,CR016,289252,2808,16,24724.46,22033.21,INR
2026-07-17,C006,CR017,289575,2588,16,22019.57,21790.97,INR
2026-07-17,C007,CR018,23524,357,12,422.15,2285.88,USD
2026-07-17,C007,CR019,14268,224,7,285.89,1245.92,USD
2026-07-17,C007,CR020,10504,173,4,226.54,761.69,USD
2026-07-17,C008,CR021,3964888,16355,7,60848.41,9998.56,INR
2026-07-17,C008,CR022,2625838,10163,4,37047.60,5634.80,INR
2026-07-17,C009,CR023,71102,691,5,378.71,628.44,USD
2026-07-17,C009,CR024,60778,522,3,280.79,349.08,USD
2026-07-17,C010,CR025,4800,24,2,302.64,1062.96,USD
2026-07-17,C010,CR026,4069,21,2,252.59,964.18,USD
2026-07-17,C010,CR027,2707,16,2,199.81,962.73,USD
2026-07-17,C011,CR028,6325,21,0,188.70,0.00,USD
2026-07-17,C011,CR029,3641,13,0,121.55,0.00,USD
2026-07-18,C001,CR001,663,72,7,145.45,1173.05,USD
2026-07-18,C001,CR002,401,42,4,75.64,639.47,USD
2026-07-18,C002,CR003,2084,103,3,273.90,470.22,USD
2026-07-18,C002,CR004,1701,82,3,200.56,424.74,USD
2026-07-18,C002,CR005,1654,79,3,193.87,446.90,USD
2026-07-18,C002,CR006,941,49,2,128.10,301.40,USD
2026-07-18,C003,CR007,16923,971,14,21480.31,21430.99,INR
2026-07-18,C003,CR008,13090,742,11,16396.01,18191.33,INR
2026-07-18,C004,CR009,26000,358,7,402.88,1144.37,USD
2026-07-18,C004,CR010,26238,340,6,389.01,1068.70,USD
2026-07-18,C004,CR011,24999,325,9,356.77,1480.17,USD
2026-07-18,C005,CR013,19660,385,21,371.12,1671.38,USD
2026-07-18,C005,CR014,11072,201,12,195.46,877.07,USD
2026-07-18,C006,CR015,365501,3195,15,30248.43,19907.56,INR
2026-07-18,C006,CR016,368635,3218,18,28031.28,24314.64,INR
2026-07-18,C006,CR017,217730,2290,14,19344.87,17841.06,INR
2026-07-18,C007,CR018,24212,389,15,464.43,2939.14,USD
2026-07-18,C007,CR019,15050,252,7,292.76,1342.75,USD
2026-07-18,C007,CR020,10831,166,6,192.13,1144.29,USD
2026-07-18,C008,CR021,3692114,16724,6,64224.72,8263.54,INR
2026-07-18,C008,CR022,2574553,11445,5,38451.23,7102.43,INR
2026-07-18,C009,CR023,84217,746,4,401.48,490.95,USD
2026-07-18,C009,CR024,56486,509,4,279.68,480.00,USD
2026-07-18,C010,CR025,1848,10,1,114.80,488.79,USD
2026-07-18,C010,CR026,1250,7,0,79.30,0.00,USD
2026-07-18,C010,CR027,829,5,1,57.15,549.95,USD
2026-07-18,C011,CR028,2345,8,0,67.44,0.00,USD
2026-07-18,C011,CR029,1386,5,0,45.81,0.00,USD
2026-07-18,C013,CR040,27538,358,11,411.70,1815.00,USD
2026-07-19,C001,CR001,648,69,7,131.56,1154.51,USD
2026-07-19,C001,CR002,402,48,4,87.45,633.90,USD
2026-07-19,C002,CR003,2044,109,4,276.88,634.75,USD
2026-07-19,C002,CR004,1596,83,3,200.62,421.23,USD
2026-07-19,C002,CR005,1444,73,3,204.83,430.28,USD
2026-07-19,C002,CR006,920,47,2,120.19,283.17,USD
2026-07-19,C003,CR007,15152,943,17,20383.23,28391.45,INR
2026-07-19,C003,CR008,12262,708,10,15374.21,17351.41,INR
2026-07-19,C004,CR009,32229,385,8,401.32,1366.06,USD
2026-07-19,C004,CR010,24932,316,6,333.47,957.30,USD
2026-07-19,C004,CR011,27598,321,6,338.58,963.82,USD
2026-07-19,C005,CR013,23679,412,23,369.40,1854.66,USD
2026-07-19,C005,CR014,13717,227,14,194.31,1137.18,USD
2026-07-19,C006,CR015,379758,3727,21,32647.00,28382.04,INR
2026-07-19,C006,CR016,365514,3203,14,28206.00,19703.83,INR
2026-07-19,C006,CR017,248114,2389,12,22169.64,15455.25,INR
2026-07-19,C007,CR018,22957,333,10,386.78,1961.80,USD
2026-07-19,C007,CR019,12379,209,6,267.55,1060.12,USD
2026-07-19,C007,CR020,11928,169,6,213.42,1016.39,USD
2026-07-19,C008,CR021,3852621,17157,6,65739.48,8189.78,INR
2026-07-19,C008,CR022,2928906,11451,4,42076.00,5783.79,INR
2026-07-19,C009,CR023,74378,709,5,413.83,600.52,USD
2026-07-19,C009,CR024,66201,593,4,314.24,508.06,USD
2026-07-19,C010,CR025,1368,8,0,96.08,0.00,USD
2026-07-19,C010,CR026,1159,6,0,71.82,0.00,USD
2026-07-19,C010,CR027,719,4,0,54.16,0.00,USD
2026-07-19,C011,CR028,1854,6,0,53.74,0.00,USD
2026-07-19,C011,CR029,1221,4,0,40.97,0.00,USD
2026-07-20,C001,CR001,766,87,10,151.94,1727.48,USD
2026-07-20,C001,CR002,456,53,5,92.96,860.69,USD
2026-07-20,C002,CR003,1934,108,5,293.34,700.69,USD
2026-07-20,C002,CR004,1749,91,3,240.70,484.67,USD
2026-07-20,C002,CR005,1758,85,4,240.00,577.13,USD
2026-07-20,C002,CR006,1125,54,3,147.69,430.88,USD
2026-07-20,C003,CR007,15222,1020,18,20925.99,27075.69,INR
2026-07-20,C003,CR008,13952,813,11,18948.94,18104.93,INR
2026-07-20,C004,CR009,26261,323,9,348.67,1531.75,USD
2026-07-20,C004,CR010,22089,275,6,306.75,958.16,USD
2026-07-20,C004,CR011,22585,266,6,309.14,993.82,USD
2026-07-20,C004,CR012,14682,194,4,198.79,645.52,USD
2026-07-20,C005,CR013,20971,368,21,331.44,1538.93,USD
2026-07-20,C005,CR014,9868,179,12,157.00,885.96,USD
2026-07-20,C006,CR015,316474,3243,16,31620.12,21481.97,INR
2026-07-20,C006,CR016,262061,2662,14,25742.74,19445.41,INR
2026-07-20,C006,CR017,242740,2364,12,20440.96,15804.47,INR
2026-07-20,C007,CR018,13613,234,8,315.46,1531.61,USD
2026-07-20,C007,CR019,11582,166,5,214.30,912.52,USD
2026-07-20,C007,CR020,10206,150,5,179.49,969.90,USD
2026-07-20,C008,CR021,4239637,16189,7,60283.65,10315.76,INR
2026-07-20,C008,CR022,2161499,9703,3,36845.37,4138.24,INR
2026-07-20,C009,CR023,68510,617,3,362.38,363.96,USD
2026-07-20,C009,CR024,52572,468,3,259.41,370.76,USD
2026-07-20,C010,CR025,6063,37,3,430.33,1614.32,USD
2026-07-20,C010,CR026,4662,28,2,335.49,991.52,USD
2026-07-20,C010,CR027,3358,19,1,229.78,536.03,USD
2026-07-20,C011,CR028,6369,22,0,217.20,0.00,USD
2026-07-20,C011,CR029,4493,16,0,151.87,0.00,USD
2026-07-21,C001,CR001,712,84,7,148.26,1177.67,USD
2026-07-21,C001,CR002,396,47,6,86.77,956.52,USD
2026-07-21,C002,CR003,2549,123,4,315.11,597.42,USD
2026-07-21,C002,CR004,1413,79,3,212.79,439.17,USD
2026-07-21,C002,CR005,1745,85,4,207.02,591.66,USD
2026-07-21,C002,CR006,1060,56,2,143.37,324.07,USD
2026-07-21,C003,CR007,17876,996,14,21313.32,23799.13,INR
2026-07-21,C003,CR008,13247,897,15,20958.49,22779.71,INR
2026-07-21,C004,CR009,27392,371,7,414.76,1165.59,USD
2026-07-21,C004,CR010,23397,322,7,383.36,1126.03,USD
2026-07-21,C004,CR011,17347,239,7,268.99,1139.83,USD
2026-07-21,C004,CR012,14189,196,4,206.42,703.78,USD
2026-07-21,C005,CR013,18980,327,23,279.52,1804.04,USD
2026-07-21,C005,CR014,10191,200,10,178.24,782.03,USD
2026-07-21,C006,CR015,362817,3209,15,27578.56,20325.54,INR
2026-07-21,C006,CR016,242868,2394,10,22610.30,13911.54,INR
2026-07-21,C006,CR017,214070,2075,9,19720.43,12835.77,INR
2026-07-21,C007,CR018,16721,244,6,317.73,1114.17,USD
2026-07-21,C007,CR019,11093,188,6,237.96,1082.03,USD
2026-07-21,C007,CR020,8956,132,5,162.11,899.25,USD
2026-07-21,C008,CR021,4170494,16298,6,60996.43,8334.15,INR
2026-07-21,C008,CR022,2439298,10771,5,37268.93,7079.92,INR
2026-07-21,C009,CR023,63101,629,4,340.29,473.05,USD
2026-07-21,C009,CR024,53588,526,4,292.65,496.98,USD
2026-07-21,C010,CR025,6347,36,3,455.17,1593.95,USD
2026-07-21,C010,CR026,4591,26,2,330.98,1074.97,USD
2026-07-21,C010,CR027,2725,16,1,221.62,557.32,USD
2026-07-21,C011,CR028,7169,26,0,215.93,0.00,USD
2026-07-21,C011,CR029,4972,19,0,158.87,0.00,USD
2026-07-22,C001,CR001,764,81,6,160.08,938.83,USD
2026-07-22,C001,CR002,464,56,6,95.98,966.82,USD
2026-07-22,C002,CR003,2574,124,5,324.18,753.00,USD
2026-07-22,C002,CR004,1907,92,4,235.89,560.32,USD
2026-07-22,C002,CR005,1646,82,3,197.40,454.39,USD
2026-07-22,C002,CR006,1135,54,2,142.83,295.31,USD
2026-07-22,C003,CR007,15845,1000,14,21598.09,24447.25,INR
2026-07-22,C003,CR008,14503,897,12,21410.92,19306.24,INR
2026-07-22,C004,CR009,30615,409,9,421.32,1434.19,USD
2026-07-22,C004,CR009,30615,409,9,421.32,1434.19,USD
2026-07-22,C004,CR010,22639,294,6,329.57,969.73,USD
2026-07-22,C004,CR010,22639,294,6,329.57,969.73,USD
2026-07-22,C004,CR011,22637,271,5,298.13,868.80,USD
2026-07-22,C004,CR011,22637,271,5,298.13,868.80,USD
2026-07-22,C004,CR012,14200,184,4,215.99,610.12,USD
2026-07-22,C004,CR012,14200,184,4,215.99,610.12,USD
2026-07-22,C005,CR013,22935,378,26,342.25,2189.45,USD
2026-07-22,C005,CR014,10237,191,13,163.68,969.22,USD
2026-07-22,C006,CR015,402957,3553,18,29723.43,24271.55,INR
2026-07-22,C006,CR016,251046,2477,14,23372.54,19327.33,INR
2026-07-22,C006,CR017,225082,2161,8,18548.61,11092.94,INR
2026-07-22,C007,CR018,14556,237,8,300.88,1412.13,USD
2026-07-22,C007,CR019,11316,167,6,201.88,1166.62,USD
2026-07-22,C007,CR020,6956,119,4,148.80,681.88,USD
2026-07-22,C008,CR021,3843065,17526,,60447.09,10326.70,INR
2026-07-22,C008,CR022,2368953,9377,4,36585.29,5618.08,INR
2026-07-22,C009,CR023,68705,611,4,326.01,467.41,USD
2026-07-22,C009,CR024,62809,552,3,307.74,342.68,USD
2026-07-22,C010,CR025,6058,32,3,419.95,1667.94,USD
2026-07-22,C010,CR026,5045,28,2,351.28,1098.02,USD
2026-07-22,C010,CR027,3030,18,1,238.36,521.52,USD
2026-07-22,C011,CR028,8390,29,0,246.49,0.00,USD
2026-07-22,C011,CR029,5071,17,0,148.14,0.00,USD
2026-07-22,C013,CR040,18692,243,8,279.45,1320.00,USD
2026-07-23,C001,CR001,780,86,8,152.73,1343.03,USD
2026-07-23,C001,CR002,439,47,4,90.07,653.70,USD
2026-07-23,C002,CR003,2395,120,4,320.92,607.67,USD
2026-07-23,C002,CR004,1927,99,3,262.63,468.16,USD
2026-07-23,C002,CR005,1731,96,3,238.67,423.89,USD
2026-07-23,C002,CR006,974,47,2,131.18,308.63,USD
2026-07-23,C003,CR007,17313,1119,20,23508.46,30354.14,INR
2026-07-23,C003,CR008,14433,818,14,17829.75,23581.74,INR
2026-07-23,C004,CR009,30373,362,10,410.37,1759.69,USD
2026-07-23,C004,CR010,23801,313,6,,968.24,USD
2026-07-23,C004,CR011,21704,248,7,292.25,1091.64,USD
2026-07-23,C004,CR012,17294,212,4,235.88,709.64,USD
2026-07-23,C005,CR013,21732,406,31,355.78,2429.37,USD
2026-07-23,C005,CR014,10483,203,14,170.07,1012.23,USD
2026-07-23,C006,CR015,314238,3113,15,27913.65,20125.47,INR
2026-07-23,C006,CR016,319740,2815,16,26286.24,21676.33,INR
2026-07-23,C006,CR017,226736,2028,13,19520.36,17462.20,INR
2026-07-23,C007,CR018,15211,225,6,284.86,1127.21,USD
2026-07-23,C007,CR019,9669,163,6,202.36,1024.26,USD
2026-07-23,C007,CR020,6622,95,3,115.55,555.69,USD
2026-07-23,C008,CR021,3993181,18220,8,65885.85,10692.70,INR
2026-07-23,C008,CR022,2389850,10108,4,36952.00,5705.35,INR
2026-07-23,C009,CR023,76198,659,3,377.71,369.92,USD
2026-07-23,C009,CR024,61946,575,4,307.53,491.23,USD
2026-07-23,C010,CR025,5635,32,3,414.18,1523.49,USD
2026-07-23,C010,CR026,4902,26,2,322.64,1020.46,USD
2026-07-23,C010,CR027,3381,18,1,226.75,527.84,USD
2026-07-23,C011,CR028,7717,26,0,218.28,0.00,USD
2026-07-23,C011,CR029,5077,18,0,151.31,0.00,USD
2026-07-24,C001,CR001,619,79,7,143.12,1099.80,USD
2026-07-24,C001,CR002,424,51,5,89.22,816.67,USD
2026-07-24,C002,CR003,2461,117,5,281.51,797.02,USD
2026-07-24,C002,CR004,1896,90,4,249.21,611.34,USD
2026-07-24,C002,CR005,1601,86,4,210.76,583.05,USD
2026-07-24,C002,CR006,925,48,2,129.45,286.76,USD
2026-07-24,C003,CR007,17926,1031,14,23110.65,24252.32,INR
2026-07-24,C003,CR008,12306,762,12,18145.52,20812.43,INR
2026-07-24,C004,CR009,26916,331,9,390.02,1509.34,USD
2026-07-24,C004,CR010,26050,316,7,358.89,1181.51,USD
2026-07-24,C004,CR011,24505,310,7,353.61,1132.84,USD
2026-07-24,C004,CR012,14817,182,3,212.26,487.28,USD
2026-07-24,C005,CR013,18146,356,19,300.49,1431.06,USD
2026-07-24,C005,CR014,9836,177,11,158.53,821.51,USD
2026-07-24,C006,CR015,357799,3700,16,34643.26,21246.96,INR
2026-07-24,C006,CR016,294742,2855,13,27860.00,16464.08,INR
2026-07-24,C006,CR017,290146,2589,13,21945.62,17044.01,INR
2026-07-24,C006,CR017,290146,2589,13,21945.62,17044.01,INR
2026-07-24,C007,CR018,12494,181,5,242.54,918.10,USD
2026-07-24,C007,CR019,8971,147,6,177.37,1178.08,USD
2026-07-24,C007,CR020,7650,108,3,125.54,583.73,USD
2026-07-24,C008,CR021,5230750,20482,7,69546.17,9348.75,INR
2026-07-24,C008,CR022,2720785,10870,4,39718.04,5812.19,INR
2026-07-24,C009,CR023,84981,765,6,397.22,697.61,USD
2026-07-24,C009,CR024,61845,524,3,307.47,352.22,USD
2026-07-24,C010,CR025,4589,27,2,324.95,1079.81,USD
2026-07-24,C010,CR026,3158,19,1,233.05,501.52,USD
2026-07-24,C010,CR027,2527,2537,2,174.67,1120.49,USD
2026-07-24,C011,CR028,6215,21,0,199.07,0.00,USD
2026-07-24,C011,CR029,4910,16,0,146.01,0.00,USD
2026-07-25,C001,CR001,552,67,6,125.42,968.09,USD
2026-07-25,C001,CR002,344,40,4,79.40,692.21,USD
2026-07-25,C002,CR003,2138,113,6,280.53,895.25,USD
2026-07-25,C002,CR004,1405,73,3,202.27,488.31,USD
2026-07-25,C002,CR005,1651,83,3,208.81,451.58,USD
2026-07-25,C002,CR006,992,52,2,138.89,291.21,USD
2026-07-25,C003,CR007,14569,812,13,19144.36,19928.12,INR
2026-07-25,C003,CR008,11871,760,13,16079.90,22541.95,INR
2026-07-25,C004,CR009,30859,382,8,452.08,1416.60,USD
2026-07-25,C004,CR010,22804,304,7,358.80,1166.67,USD
2026-07-25,C004,CR011,26511,308,8,334.28,1395.47,USD
2026-07-25,C004,CR012,15307,192,5,219.03,785.86,USD
2026-07-25,C005,CR013,24542,403,33,355.15,2653.53,USD
2026-07-25,C005,CR014,11928,202,12,186.21,876.75,USD
2026-07-25,C006,CR015,412190,3733,20,32359.86,27754.87,INR
2026-07-25,C006,CR016,316520,2967,15,26650.22,18777.75,INR
2026-07-25,C006,CR017,222268,2295,13,21627.85,17058.44,INR
2026-07-25,C007,CR018,10594,175,6,224.26,1095.57,USD
2026-07-25,C007,CR019,9391,137,5,182.43,932.75,USD
2026-07-25,C007,CR020,6302,89,3,107.71,521.00,USD
2026-07-25,C008,CR021,4610884,18210,7,61607.63,9435.84,INR
2026-07-25,C008,CR022,2966014,11382,3,38962.66,4025.62,INR
2026-07-25,C009,CR023,89547,741,5,385.59,611.68,USD
2026-07-25,C009,CR024,55919,533,3,292.34,334.09,USD
2026-07-25,C010,CR025,1601,9,1,107.25,527.10,USD
2026-07-25,C010,CR026,1300,7,0,89.43,0.00,USD
2026-07-25,C010,CR027,996,6,1,72.00,492.91,USD
2026-07-25,C011,CR028,2425,8,0,64.95,0.00,USD
2026-07-25,C011,CR029,1385,5,0,42.82,0.00,USD
2026-07-26,C001,CR001,699,74,6,129.59,1048.59,USD
2026-07-26,C001,CR002,382,45,3,89.70,533.79,USD
2026-07-26,C002,CR003,1836,88,4,236.45,647.06,USD
2026-07-26,C002,CR004,1711,84,4,221.85,585.50,USD
2026-07-26,C002,CR005,1569,79,3,192.90,469.20,USD
2026-07-26,C002,CR006,808,44,2,117.10,293.75,USD
2026-07-26,C003,CR007,15470,984,16,22590.30,27065.64,INR
2026-07-26,C003,CR008,12678,805,10,17467.98,16731.56,INR
2026-07-26,C004,CR009,30621,405,8,441.79,1339.29,USD
2026-07-26,C004,CR010,26345,365,10,396.92,1693.24,USD
2026-07-26,C004,CR011,22546,257,6,282.00,1064.23,USD
2026-07-26,C004,CR012,14839,200,4,234.05,619.49,USD
2026-07-26,C005,CR013,21601,392,20,350.58,1600.97,USD
2026-07-26,C005,CR014,12140,206,16,181.48,1241.93,USD
2026-07-26,C006,CR015,425440,3862,22,34302.73,30512.87,INR
2026-07-26,C006,CR016,303421,3038,15,27216.17,19839.43,INR
2026-07-26,C006,CR017,248972,2324,14,20959.70,17962.36,INR
2026-07-26,C007,CR018,10824,169,4,224.90,740.45,USD
2026-07-26,C007,CR019,6389,109,3,136.42,525.34,USD
2026-07-26,C007,CR020,6460,94,3,111.88,572.78,USD
2026-07-26,C008,CR021,3924715,17093,5,66197.95,7340.57,INR
2026-07-26,C008,CR022,2960839,11843,5,42751.06,7330.41,INR
2026-07-26,C009,CR023,79690,777,4,396.46,499.32,USD
2026-07-26,C009,CR024,66246,643,4,332.67,465.06,USD
2026-07-26,C010,CR025,1382,7,0,86.30,0.00,USD
2026-07-26,C010,CR026,1337,7,0,81.95,0.00,USD
2026-07-26,C010,CR027,975,5,0,63.53,0.00,USD
2026-07-26, C011 ,CR028,1718,6,0,51.77,0.00,USD
2026-07-26,C011,CR029,1362,5,0,40.05,0.00,USD
2026-07-26,C013,CR040,19000,247,6,284.05,990.00,USD
2026-07-27,C001,CR001,690,78,6,152.55,1023.74,USD
2026-07-27,C001,CR002,477,53,5,101.32,878.67,USD
2026-07-27,C002,CR003,2122,112,5,305.44,795.65,USD
2026-07-27,C002,CR004,1944,94,3,236.78,481.65,USD
2026-07-27,C002,CR005,1580,86,4,215.16,588.98,USD
2026-07-27,C002,CR006,1022,49,1,134.60,162.59,USD
2026-07-27,C003,CR007,19121,1154,17,24482.27,28015.48,INR
2026-07-27,C003,CR008,14588,843,15,19276.48,24831.91,INR
2026-07-27,C004,CR009,24398,330,6,358.84,1046.18,USD
2026-07-27,C004,CR010,28802,339,8,362.17,1266.72,USD
2026-07-27,C004,CR011,16832,228,6,265.68,923.21,USD
2026-07-27,C004,CR012,13359,173,4,202.07,711.99,USD
2026-07-27,C005,CR013,17204,322,20,287.68,1456.50,USD
2026-07-27,C005,CR014,10871,182,13,153.03,981.47,USD
2026-07-27,C006,CR015,268408,2767,14,26288.32,18055.69,INR
2026-07-27,C006,CR016,283839,2626,14,22382.37,19129.44,INR
2026-07-27,C006,CR017,244170,2565,15,22096.83,19509.20,INR
2026-07-27,C007,CR018,8314,138,4,173.41,766.91,USD
2026-07-27,C007,CR019,5930,91,3,115.69,560.18,USD
2026-07-27,C007,CR020,4937,77,2,100.34,358.91,USD
2026-07-27,C008,CR021,4228121,16962,8,63514.30,11558.58,INR
2026-07-27,C008,CR022,2140838,9972,4,36639.11,5432.66,INR
2026-07-27,C009,CR023,75488,637,4,334.61,478.22,USD
2026-07-27,C009,CR024,54714,449,3,258.20,358.68,USD
2026-07-27,C010,CR025,5579,30,2,396.25,1091.80,USD
2026-07-27,C010,CR026,4740,24,1,295.78,556.11,USD
2026-07-27,C010,CR027,3839,21,1,267.66,532.51,USD
2026-07-27,C011,CR028,7318,26,0,253.00,0.00,USD
2026-07-27,C011,CR029,4887,19,0,165.19,0.00,USD
2026-07-28,C001,CR001,849,90,9,157.60,,USD
2026-07-28,C001,CR002,460,49,5,99.13,833.46,USD
2026-07-28,C002,CR003,2115,112,5,311.82,775.67,USD
2026-07-28,C002,CR004,1687,82,3,227.24,463.34,USD
2026-07-28,C002,CR005,1658,86,4,234.34,593.17,USD
2026-07-28,C002,CR006,985,50,2,131.58,295.91,USD
2026-07-28,C003,CR007,14678,972,16,21719.71,25953.40,USD
2026-07-28,C003,CR008,13037,832,10,19662.53,17209.42,INR
2026-07-28,C004,CR009,23917,323,9,348.09,1593.75,USD
2026-07-28,C004,CR010,24935,310,8,344.61,1326.11,USD
2026-07-28,C004,CR011,27739,325,8,333.55,1296.70,USD
2026-07-28,C004,CR012,17151,217,5,244.49,868.86,USD
2026-07-28,C005,CR013,18605,334,26,301.82,1889.68,USD
2026-07-28,C005,CR014,12458,211,17,181.52,1268.48,USD
2026-07-28,C006,CR015,339220,3124,13,29794.46,18168.74,INR
2026-07-28,C006,CR016,279079,2631,11,23171.91,15300.75,INR
2026-07-28,C006,CR017,240711,2466,10,21126.74,13718.36,INR
2026-07-28,C007,CR018,8760,128,5,157.81,911.59,USD
2026-07-28,C007,CR019,6706,105,3,127.76,535.09,USD
2026-07-28,C007,CR020,4710,68,3,86.59,573.90,USD
2026-07-28,C008,CR021,4385610,18735,8,65183.94,11562.96,INR
2026-07-28,C008,CR022,2791616,12113,5,42319.83,6754.07,INR
2026-07-28,C009,CR023,77453,663,5,375.90,588.57,USD
2026-07-28,C009,CR024,51415,472,3,249.76,373.16,USD
2026-07-28,C010,CR025,6833,35,2,453.42,960.01,USD
2026-07-28,C010,CR026,5581,29,3,342.44,1443.56,USD
2026-07-28,C010,CR027,3868,22,1,272.83,534.23,USD
2026-07-28,C011,CR028,6558,25,0,206.70,0.00,USD
2026-07-28,C011,CR029,6249,20,0,172.74,0.00,USD
2026-07-29,C001,CR001,781,91,7,162.99,1138.47,USD
2026-07-29,C001,CR002,443,50,4,92.43,712.75,USD
2026-07-29,C002,CR003,2509,121,4,298.92,605.70,USD
2026-07-29,C002,CR004,2186,111,4,267.15,594.60,USD
2026-07-29,C002,CR005,1444,80,3,209.96,490.95,USD
2026-07-29,C002,CR006,1149,61,2,164.07,308.29,USD
2026-07-29,C003,CR007,16983,978,18,22809.97,29650.31,INR
2026-07-29,C003,CR008,14716,961,17,20087.64,29152.10,INR
2026-07-29,C004,CR009,30134,349,7,369.63,1200.38,USD
2026-07-29,C004,CR010,28490,336,7,380.41,1208.53,USD
2026-07-29,C004,CR011,25375,296,6,327.82,928.29,USD
2026-07-29,C004,CR012,14223,172,5,200.97,813.28,USD
2026-07-29,C005,CR013,18096,345,24,295.04,1944.34,USD
2026-07-29,C005,CR014,10080,193,15,170.09,1171.88,USD
2026-07-29,C006,CR015,358195,3291,18,30651.99,23332.01,INR
2026-07-29,C006,CR016,287851,2525,12,22415.76,17184.81,INR
2026-07-29,C006,CR017,267365,2417,14,21147.01,18486.82,INR
2026-07-29,C007,CR018,9197,146,4,172.53,714.84,USD
2026-07-29,C007,CR019,5997,103,3,126.80,549.74,USD
2026-07-29,C007,CR020,5192,74,2,88.99,338.43,USD
2026-07-29,C008,CR021,3775071,16908,8,60231.16,10626.07,INR
2026-07-29,C008,CR022,2872688,11855,5,42081.02,7548.31,INR
2026-07-29,C009,CR023,72470,671,5,352.47,589.39,USD
2026-07-29,C009,CR024,51747,505,2,287.52,233.06,USD
2026-07-29,C010,CR025,6826,37,3,442.96,1576.16,USD
2026-07-29,C010,CR026,4897,26,2,335.84,1077.60,USD
2026-07-29,C010,CR027,3388,20,1,234.46,491.77,USD
2026-07-29,C011,CR028,7856,25,0,235.30,0.00,USD
2026-07-29,C011,CR029,5750,19,0,183.99,0.00,USD
2026-07-30,C001,CR001,712,79,7,136.02,1186.35,USD
2026-07-30,C001,CR002,412,48,5,93.65,809.76,USD
2026-07-30,C002,CR003,2398,122,5,326.37,782.86,USD
2026-07-30,C002,CR004,1877,91,5,221.51,779.88,USD
2026-07-30,C002,CR005,1674,89,4,238.43,581.96,USD
2026-07-30,C002,CR006,959,48,3,132.17,464.68,USD
2026-07-30,C003,CR007,20059,1138,15,25069.50,25238.78,INR
2026-07-30,C003,CR008,15278,894,16,19382.15,27298.17,INR
2026-07-30,C004,CR009,25591,343,9,395.03,1371.40,USD
2026-07-30,C004,CR010,22912,302,7,346.95,1172.88,USD
2026-07-30,C004,CR011,22637,282,6,290.71,1008.32,USD
2026-07-30,C004,CR012,15746,214,3,231.04,531.23,USD
2026-07-30,C005,CR013,19292,346,21,326.01,1594.36,USD
2026-07-30,C005,CR014,11889,216,17,186.90,1419.37,USD
2026-07-30,C006,CR015,343740,3036,18,29031.07,22551.13,INR
2026-07-30,C006,CR016,276123,2494,14,24348.16,19069.50,USD
2026-07-30,C006,CR017,243025,2220,11,19523.83,14405.99,INR
2026-07-30,C007,CR018,7127,116,4,146.05,713.44,USD
2026-07-30,C007,CR019,4976,83,4,107.45,688.48,USD
2026-07-30,C007,CR020,3735,59,1,73.06,191.55,USD
2026-07-30,C008,CR021,4270797,17042,7,57080.72,10343.01,INR
2026-07-30,C008,CR022,2377153,9857,4,36901.86,6034.78,INR
2026-07-30,C009,CR023,73631,675,5,374.06,575.12,USD
2026-07-30,C009,CR024,57256,488,4,289.06,443.92,USD
2026-07-30,C010,CR025,6394,34,3,403.19,1566.94,USD
2026-07-30,C010,CR026,4064,23,1,287.46,482.15,USD
2026-07-30,C010,CR027,3499,18,1,217.95,538.86,USD
2026-07-30,C011,CR028,6327,24,0,203.13,0.00,USD
2026-07-30,C011,CR029,5139,18,0,169.09,0.00,USD
2026-07-30,C013,CR040,18154,236,10,271.40,1650.00,USD
2026-07-31,C001,CR001,690,79,7,152.80,1173.69,USD
2026-07-31,C001,CR002,409,47,5,85.09,858.32,USD
2026-07-31,C002,CR003,2438,124,5,300.98,819.42,USD
2026-07-31,C002,CR004,1658,87,3,234.77,446.77,USD
2026-07-31,C002,CR005,1374,76,3,197.08,472.53,USD
2026-07-31,C002,CR006,972,52,2,140.48,308.92,USD
2026-07-31,C003,CR007,15412,952,13,21048.99,19702.32,INR
2026-07-31,C003,CR008,14035,822,12,16869.17,18940.88,INR
2026-07-31,C004,CR009,34651,406,10,414.95,1603.00,USD
2026-07-31,C004,CR010,30358,395,9,405.61,1529.76,USD
2026-07-31,C004,CR011,23826,299,8,322.13,1216.03,USD
2026-07-31,C004,CR012,17998,225,4,229.97,615.23,USD
2026-07-31,C005,CR013,16005,311,20,301.57,1492.90,USD
2026-07-31,C005,CR014,10453,176,11,156.41,841.00,USD
2026-07-31,C006,CR015,389445,3499,21,33222.47,29745.14,INR
2026-07-31,C006,CR016,316925,3343,14,28631.66,19440.54,INR
2026-07-31,C006,CR017,258221,2503,12,23723.89,16584.06,INR
2026-07-31,C007,CR018,8150,129,4,164.70,731.45,USD
2026-07-31,C007,CR019,5021,80,3,107.30,547.55,USD
2026-07-31,C007,CR020,3974,59,2,75.52,345.37,USD
2026-07-31,C008,CR021,4130750,16142,7,57268.48,9466.77,INR
2026-07-31,C008,CR022,2419480,11282,6,41954.84,8788.91,INR
2026-07-31,C009,CR023,70970,658,4,372.39,437.04,USD
2026-07-31,C009,CR024,64158,582,4,338.49,439.82,USD
2026-07-31,C010,CR025,5092,26,2,352.98,973.46,
2026-07-31,C010,CR026,3297,20,1,275.16,480.82,USD
2026-07-31,C010,CR027,2756,15,1,175.68,494.17,USD
2026-07-31,C011,CR028,5454,20,0,174.60,0.00,USD
2026-07-31,C011,CR029,4013,15,0,134.17,0.00,USD
2026-08-01,C001,CR001,547,63,6,119.78,967.25,USD
2026-08-01,C001,CR002,365,39,3,74.91,531.66,USD
2026-08-01,C002,CR003,2208,109,5,277.11,741.63,USD
2026-08-01,C002,CR004,1514,80,4,219.73,652.88,USD
2026-08-01,C002,CR005,1503,81,4,202.27,636.08,USD
2026-08-01,C002,CR006,1075,58,2,142.35,286.72,USD
2026-08-01,C003,CR007,18530,1133,20,23332.01,34342.05,INR
2026-08-01,C003,CR008,14567,866,15,18966.89,22448.24,INR
2026-08-01,C004,CR009,23963,322,8,372.22,1233.63,USD
2026-08-01,C004,CR010,30274,365,8,412.94,1301.91,USD
2026-08-01,C004,CR011,25895,329,8,350.89,1228.96,USD
2026-08-01,C004,CR012,19334,246,4,266.58,668.36,USD
2026-08-01,C005,CR013,24244,404,27,354.20,2022.83,USD
2026-08-01,C005,CR014,10907,184,14,170.48,1146.32,USD
2026-08-01,C006,CR015,306564,3166,19,30173.59,24967.10,INR
2026-08-01,C006,CR016,326651,2892,12,25183.11,15311.38,INR
2026-08-01,C006,CR017,229371,2037,10,19591.37,13044.52,INR
2026-08-01,C007,CR018,7879,130,3,154.43,542.08,USD
2026-08-01,C007,CR019,5483,84,3,100.30,518.24,USD
2026-08-01,C007,CR020,3801,60,2,74.11,359.99,USD
2026-08-01,C008,CR021,4383000,17561,6,61098.59,7786.29,INR
2026-08-01,C008,CR022,2244522,10421,5,40336.06,7381.24,INR
2026-08-01,C009,CR023,77957,695,5,375.92,591.08,USD
2026-08-01,C009,CR024,70708,668,4,342.75,450.92,USD
2026-08-01,C010,CR025,1649,9,0,102.92,0.00,USD
2026-08-01,C010,CR026,1210,7,1,89.38,552.97,USD
2026-08-01,C010,CR027,893,5,1,64.20,485.56,USD
2026-08-01,C011,CR028,1751,6,0,55.19,0.00,USD
2026-08-01,C011,CR029,1400,5,0,47.79,0.00,USD
2026-08-02,C001,CR001,578,68,6,137.52,912.93,USD
2026-08-02,C001,CR002,340,42,3,83.29,476.97,USD
2026-08-02,C002,CR003,1785,102,4,248.36,589.26,USD
2026-08-02,C002,CR004,1306,1329,3,181.80,441.54,USD
2026-08-02,C002,CR005,1408,73,4,176.37,590.18,USD
2026-08-02,C002,CR006,913,46,2,127.79,325.17,USD
2026-08-02,C003,CR007,15581,893,14,18581.24,22068.82,INR
2026-08-02,C003,CR008,14136,846,13,0.00,22332.57,INR
2026-08-02,C004,CR009,26218,315,8,355.53,1412.37,USD
2026-08-02,C004,CR010,25078,306,8,346.64,1321.11,USD
2026-08-02,C004,CR011,28664,333,7,340.30,1129.77,USD
2026-08-02,C004,CR012,15993,208,5,223.48,839.09,USD
2026-08-02,C005,CR013,18641,321,18,300.14,1473.12,USD
2026-08-02,C005,CR014,9457,173,10,164.92,789.12,USD
2026-08-02,C006,CR015,374986,3713,15,32670.24,20111.14,INR
2026-08-02,C006,CR016,305279,2825,13,23652.54,16661.07,INR
2026-08-02,C006,CR017,246307,2472,11,21224.50,15669.76,INR
2026-08-02,C007,CR018,7119,107,4,143.28,750.17,USD
2026-08-02,C007,CR019,5889,83,2,105.17,353.13,USD
2026-08-02,C007,CR020,3937,56,2,70.18,371.85,USD
2026-08-02,C008,CR021,3841312,17568,8,58988.80,11306.68,INR
2026-08-02,C008,CR022,2631192,11625,3,40873.02,4309.85,INR
2026-08-02,C009,CR023,90606,768,4,419.88,488.63,USD
2026-08-02,C009,CR024,61434,585,3,302.77,373.79,USD
2026-08-02,C010,CR025,1247,7,1,90.42,542.83,USD
2026-08-02,C010,CR026,1034,6,1,82.51,554.06,USD
2026-08-02,C010,CR027,962,5,0,53.66,0.00,USD
2026-08-02,C011,CR028,1819,6,0,60.77,0.00,USD
2026-08-02,C011,CR029,1511,5,0,43.21,0.00,USD
2026-08-03,C001,CR001,698,82,7,155.35,1123.83,USD
2026-08-03,C001,CR002,435,48,4,89.28,635.60,USD
2026-08-03,C002,CR003,2177,117,4,302.16,625.63,USD
2026-08-03,C002,CR004,1628,85,4,233.56,630.30,usd
2026-08-03,C002,CR005,1528,78,3,210.54,487.55,USD
2026-08-03,C002,CR006,1070,59,3,153.69,484.56,USD
2026-08-03,C003,CR007,17415,1064,14,24090.82,22561.36,INR
2026-08-03,C003,CR008,17172,1017,18,20893.27,28615.59,INR
2026-08-03,C004,CR009,24871,289,5,325.82,845.17,USD
2026-08-03,C004,CR010,24906,336,8,374.81,1304.52,USD
2026-08-03,C004,CR011,21269,270,5,295.87,840.54,USD
2026-08-03,C004,CR012,18829,217,4,244.75,703.67,USD
2026-08-03,C005,CR013,15751,282,16,272.22,1260.52,USD
2026-08-03,C005,CR014,11309,197,14,184.93,1151.33,USD
2026-08-03,C006,CR015,360726,3281,14,27999.95,20194.93,INR
2026-08-03,C006,CR016,333216,2915,18,27156.27,23178.16,INR
2026-08-03,C006,CR017,252969,2416,10,20893.03,13882.16,INR
2026-08-03,C007,CR018,1971,31,1,36.67,155.51,USD
2026-08-03,C007,CR019,1500,25,1,29.94,101.99,USD
2026-08-03,C007,CR020,1205,17,1,21.61,102.21,USD
2026-08-03,C008,CR021,3664189,15781,7,61154.26,10301.39,INR
2026-08-03,C008,CR022,2502258,11294,5,41826.05,6706.41,INR
2026-08-03,C009,CR023,63222,575,3,324.92,328.49,USD
2026-08-03,C009,CR024,55198,510,3,272.03,345.06,USD
2026-08-03,C009,CR024,55198,510,3,272.03,345.06,USD
2026-08-03,C010,CR025,5317,32,3,416.85,1450.29,USD
2026-08-03,C010,CR026,4742,27,1,338.51,558.01,USD
2026-08-03,C010,CR027,3241,17,1,230.98,482.28,USD
2026-08-03,C011,CR028,9063,29,0,244.82,0.00,USD
2026-08-03,C011,CR029,5566,20,0,171.15,0.00,USD
2026-08-04,C001,CR001,754,95,8,164.49,1230.36,USD
2026-08-04,C001,CR002,433,53,4,102.03,707.67,USD
2026-08-04,C002,CR003,2588,125,5,349.89,760.34,USD
2026-08-04,C002,CR004,1733,90,4,244.63,615.99,USD
2026-08-04,C002,CR005,1615,79,3,209.02,476.66,USD
2026-08-04,C002,CR006,1025,55,2,145.37,322.24,USD
2026-08-04,C003,CR007,18350,1122,14,25852.84,22995.28,INR
2026-08-04,C003,CR008,13064,804,10,18016.77,15206.72,INR
2026-08-04,C004,CR009,31741,368,8,406.00,1413.55,USD
2026-08-04,C004,CR010,23989,325,6,377.84,1004.08,USD
2026-08-04,C004,CR011,23080,277,6,300.44,919.09,USD
2026-08-04,C004,CR012,14335,171,4,201.73,637.16,USD
2026-08-04,C005,CR013,21888,370,21,334.30,1690.23,USD
2026-08-04,C005,CR014,9116,175,12,155.35,920.24,USD
2026-08-04,C005,CR999,9444,170,1,156.40,91.00,USD
2026-08-04,C006,CR015,325897,3406,20,31912.98,26618.46,INR
2026-08-04,C006,CR016,300580,2763,13,24590.44,16503.87,INR
2026-08-04,C006,CR017,224074,2112,13,20081.85,17168.86,INR
2026-08-04,C007,CR018,1162,17,1,20.95,117.64,USD
2026-08-04,C007,CR019,715,11,0,13.02,56.00,USD
2026-08-04,C007,CR020,540,9,0,10.02,28.94,USD
2026-08-04,C008,CR021,3465723,15198,8,54757.14,11430.56,INR
2026-08-04,C008,CR022,2701513,11881,4,40476.72,5165.81,INR
2026-08-04,C009,CR023,83364,709,5,365.40,578.67,USD
2026-08-04,C009,CR024,55617,544,3,281.61,377.78,USD
2026-08-04,C010,CR025,6026,32,3,,1453.74,USD
2026-08-04,C010,CR026,4438,25,2,304.32,1042.17,USD
2026-08-04,C010,CR027,3484,20,1,264.39,493.45,USD
2026-08-04,C011,CR028,7723,29,0,257.50,0.00,USD
2026-08-04,C011,CR029,5565,18,0,154.14,0.00,USD
2026-08-05,C001,CR001,642,82,8,160.94,1275.74,USD
2026-08-05,C001,CR001,642,82,8,160.94,1275.74,USD
2026-08-05,C001,CR002,466,57,5,102.81,861.83,USD
2026-08-05,C002,CR003,2261,129,6,344.28,978.45,USD
2026-08-05,C002,CR004,1792,89,3,234.68,462.57,USD
2026-08-05,C002,CR005,1523,78,3,218.36,442.24,USD
2026-08-05,C002,CR006,1030,50,3,140.48,458.07,USD
2026-08-05,C003,CR007,19642,1187,15,24684.63,23815.18,INR
2026-08-05,C003,CR008,14278,925,11,19039.54,18027.37,INR
2026-08-05,C004,CR009,24951,339,8,398.96,1372.33,USD
2026-08-05,C004,CR010,23449,320,9,334.18,1462.66,USD
2026-08-05,C004,CR011,26241,305,5,332.95,871.85,USD
2026-08-05,C004,CR012,13716,186,3,208.22,464.78,USD
2026-08-05,C005,CR013,20156,338,18,326.16,1418.53,USD
2026-08-05,C005,CR014,8355,166,9,156.59,747.89,USD
2026-08-05,C006,CR015,272886,2753,15,26723.65,20048.05,INR
2026-08-05,C006,CR016,235433,2463,10,23074.53,13564.43,INR
2026-08-05,C006,CR017,225791,2049,12,18605.04,16120.94,INR
2026-08-05,C007,CR018,515,8,0,8.88,39.74,USD
2026-08-05,C007,CR019,336,5,0,6.56,39.60,USD
2026-08-05,C007,CR020,236,4,0,4.54,27.73,USD
2026-08-05,C008,CR021,4149398,17697,8,64666.39,11733.64,INR
2026-08-05,C008,CR022,2692325,11666,5,40463.66,7021.10,INR
2026-08-05,C009,CR023,73892,703,4,375.95,444.52,USD
2026-08-05,C009,CR024,57931,476,3,280.93,331.83,USD
2026-08-05,C010,CR025,5720,31,2,362.61,1079.44,USD
2026-08-05,C010,CR026,4025,22,2,293.94,1020.91,USD
2026-08-05,C010,CR027,3489,18,2,242.96,1118.23,USD
2026-08-05,C011,CR028,6608,23,0,215.55,0.00,USD
2026-08-05,C011,CR029,4976,19,0,170.49,0.00,USD
2026-08-06,C001,CR001,746,88,7,152.68,1199.69,USD
2026-08-06,C001,CR002,384,46,4,81.88,686.51,USD
2026-08-06,C002,CR003,2139,120,4,301.02,605.23,USD
2026-08-06,C002,CR004,1736,90,3,231.32,424.14,USD
2026-08-06,C002,CR005,1806,89,4,228.88,615.90,USD
2026-08-06,C002,CR006,1241,61,3,152.74,430.36,USD
2026-08-06,C003,CR007,14103,910,13,21737.37,22348.74,INR
2026-08-06,C003,CR008,11828,777,13,18203.49,20189.93,INR
2026-08-06,C004,CR009,33151,386,11,394.36,1759.12,USD
2026-08-06,C004,CR010,29219,350,8,382.63,1218.95,USD
2026-08-06,C004,CR011,19894,255,5,289.40,866.91,USD
2026-08-06,C004,CR012,18523,213,5,254.67,874.85,USD
2026-08-06,C005,CR013,19284,331,24,314.98,1820.26,USD
2026-08-06,C005,CR014,10393,204,12,172.03,917.95,USD
2026-08-06,C006,CR015,389480,3778,22,32076.04,28028.04,INR
2026-08-06,C006,CR016,271890,2387,14,23081.48,18308.27,INR
2026-08-06,C006,CR017,262530,2544,15,22339.49,18809.82,INR
2026-08-06,C008,CR021,3422426,15020,6,56979.74,8903.38,INR
2026-08-06,C008,CR022,2889394,13479,5,45644.75,6918.54,INR
2026-08-06,C009,CR023,74249,661,4,371.92,458.92,USD
2026-08-06,C009,CR024,56614,513,3,275.15,340.45,USD
2026-08-06,C010,CR025,5525,31,2,398.17,993.50,USD
2026-08-06,C010,CR026,4715,24,2,278.97,1047.81,USD
2026-08-06,C010,CR027,3060,17,2,228.77,966.52,USD
2026-08-06,C011,CR028,5698,22,0,204.35,0.00,USD
2026-08-06,C011,CR029,4812,18,0,165.86,0.00,USD
2026-08-07,C001,CR001,724,89,8,152.13,1216.27,USD
2026-08-07,C001,CR002,452,48,3,89.90,484.80,USD
2026-08-07,C002,CR003,2127,121,4,319.81,566.03,USD
2026-08-07,C002,CR004,1565,75,3,209.74,483.30,USD
2026-08-07,C002,CR005,1634,90,4,231.24,582.73,USD
2026-08-07,C002,CR006,944,50,2,138.90,300.49,USD
2026-08-07,C003,CR007,17673,1083,18,23452.38,28925.80,INR
2026-08-07,C003,CR008,15413,895,13,19510.84,22148.02,INR
2026-08-07,C004,CR009,29637,388,10,440.14,1658.08,USD
2026-08-07,C004,CR010,22536,311,6,361.52,994.38,USD
2026-08-07,C004,CR011,24810,319,7,346.73,1137.01,USD
2026-08-07,C004,CR012,17418,233,5,245.30,768.42,USD
2026-08-07,C005,CR013,17644,321,19,309.50,1535.14,USD
2026-08-07,C005,CR014,11956,198,16,183.98,1197.59,USD
2026-08-07,C005,CR999,6389,115,6,105.80,546.00,USD
2026-08-07,C006,CR015,349565,3251,17,31697.94,23789.95,INR
2026-08-07,C006,CR016,282629,2569,12,24463.44,16319.46,INR
2026-08-07,C006,CR017,221458,2244,13,21685.46,18183.31,INR
2026-08-07,C008,CR021,3803446,17582,8,58637.87,10519.67,INR
2026-08-07,C008,CR022,2797243,11766,4,43031.20,5241.92,INR
2026-08-07,C009,CR023,64629,619,3,330.99,379.52,USD
2026-08-07,C009,CR024,58381,488,3,283.83,339.05,USD
2026-08-07,C010,CR025,5141,28,3,336.55,1655.20,USD
2026-08-07,C010,CR026,3991,22,1,267.17,527.30,USD
2026-08-07,C010,CR027,2552,15,1,186.59,506.54,USD
2026-08-07,C011,CR028,6811,23,0,192.18,0.00,USD
2026-08-07,C011,CR029,3469,12,0,119.72,0.00,USD
2026-08-08,C001,CR001,596,66,5,130.07,814.38,USD
2026-08-08,C001,CR002,299,38,4,74.68,703.45,USD
2026-08-08,C002,CR003,1877,97,4,272.77,626.22,USD
2026-08-08,C002,CR004,1443,83,4,222.75,561.12,USD
2026-08-08,C002,CR005,1158,66,3,180.66,482.42,USD
2026-08-08,C002,CR006,964,51,1,131.12,159.21,USD
2026-08-08,C003,CR007,18234,1101,14,23354.78,24103.14,INR
2026-08-08,C003,CR008,12552,700,11,15621.56,18452.60,INR
2026-08-08,C004,CR009,30924,368,7,,1203.90,USD
2026-08-08,C004,CR010,31140,372,10,391.22,1694.66,USD
2026-08-08,C004,CR011,23460,282,6,326.28,932.67,USD
2026-08-08,C004,CR012,16851,228,4,238.57,709.90,USD
2026-08-08,C005,CR013,21049,393,27,364.37,2122.28,USD
2026-08-08,C005,CR014,12161,199,11,180.47,874.00,USD
2026-08-08,C006,CR015,394232,3439,20,31366.21,27500.12,INR
2026-08-08,C006,CR016,329599,3190,17,28553.21,23313.11,INR
2026-08-08,C006,CR017,241881,2368,13,22209.61,17592.69,INR
2026-08-08,C008,CR021,4046472,16851,7,59945.72,9497.63,INR
2026-08-08,C008,CR022,3406283,13683,5,48741.26,6731.09,INR
2026-08-08,C009,CR023,92608,760,4,387.78,495.60,USD
2026-08-08,C009,CR024,56990,546,2,305.70,218.77,USD
2026-08-08,C010,CR025,1354,8,0,105.84,0.00,USD
2026-08-08,C010,CR026,1201,7,1,83.65,532.86,USD
2026-08-08,C010,CR027,1003,6,1,68.81,535.69,USD
2026-08-08,C011,CR028,1688,6,0,60.06,0.00,USD
2026-08-08,C011,CR029,1465,5,0,45.91,0.00,USD
2026-08-09,C001,CR001,546,63,6,115.74,1015.72,USD
2026-08-09,C001,CR002,440,48,5,84.09,767.06,USD
2026-08-09,C002,CR003,2456,118,5,288.46,722.34,USD
2026-08-09,C002,CR004,1359,74,3,187.75,,USD
2026-08-09,C002,CR005,1607,80,4,191.94,607.79,USD
2026-08-09,C002,CR006,790,42,1,111.69,144.74,USD
2026-08-09,C003,CR007,17121,995,18,22663.91,29381.19,INR
2026-08-09,C003,CR008,14845,848,12,18520.13,19544.21,INR
2026-08-09,C004,CR009,27949,383,9,424.34,1457.97,USD
2026-08-09,C004,CR010,30340,353,8,415.78,1292.13,USD
2026-08-09,C004,CR011,21812,263,6,300.09,960.96,USD
2026-08-09,C004,CR012,20105,234,6,243.12,956.76,USD
2026-08-09,C005,CR013,17142,317,21,293.50,1542.46,USD
2026-08-09,C005,CR014,11332,189,15,165.73,1241.86,USD
2026-08-09,C006,CR015,437921,3813,16,35595.44,23269.63,INR
2026-08-09,C006,CR016,321563,3326,13,28431.12,17510.67,INR
2026-08-09,C006,CR017,273995,2548,13,23305.06,16863.39,INR
2026-08-09,C010,CR025,1382,7,1,93.16,487.11,USD
2026-08-09,C010,CR026,1124,6,0,76.69,0.00,USD
2026-08-09,C010,CR027,886,5,1,63.29,499.59,USD
2026-08-09,C011,CR028,1992,7,0,59.99,0.00,USD
2026-08-09,C011,CR029,1163,4,0,42.72,0.00,USD
2026-08-10,C001,CR001,684,76,7,133.41,1235.18,USD
2026-08-10,C001,CR002,412,46,5,88.48,768.44,USD
2026-08-10,C002,CR003,2555,121,6,325.10,861.55,USD
2026-08-10,C002,CR004,1494,86,3,211.19,446.42,USD
2026-08-10,C002,CR005,1670,83,3,210.12,471.37,USD
2026-08-10,C002,CR006,1038,52,2,134.83,315.54,USD
2026-08-10,C003,CR007,19112,1144,15,26009.97,24494.20,INR
2026-08-10,C003,CR008,14221,958,14,21149.35,24007.97,INR
2026-08-10,C004,CR009,29189,341,8,351.28,1229.89,USD
2026-08-10,C004,CR010,24071,288,5,316.66,870.76,USD
2026-08-10,C004,CR011,17937,249,6,283.99,959.71,USD
2026-08-10,C004,CR012,13629,178,5,202.30,871.56,USD
2026-08-10,C005,CR013,21173,367,24,310.50,2013.37,USD
2026-08-10,C005,CR014,9330,175,14,157.71,1084.38,USD
2026-08-10,C005,CR999,14611,263,4,241.96,364.00,USD
2026-08-10,C006,CR015,311556,3271,17,29237.43,24423.21,INR
2026-08-10,C006,CR016,246745,2353,12,21579.09,16708.37,INR
2026-08-10,C006,CR017,246939,2141,13,18629.15,17805.74,INR
2026-08-10,C008,CR021,3411007,14741,6,56490.44,8500.46,INR
2026-08-10,C008,CR022,2865767,11214,4,38358.43,6000.23,INR
2026-08-10,C009,CR023,68250,656,3,368.81,371.03,USD
2026-08-10,C009,CR024,55108,549,3,280.65,340.64,USD
2026-08-10,C010,CR025,5843,31,2,414.40,968.74,USD
2026-08-10,C010,CR026,5499,29,2,344.63,993.36,USD
2026-08-10,C010,CR027,3974,22,2,268.08,1087.52,USD
2026-08-10,C011,CR028,7076,27,0,243.37,0.00,USD
2026-08-10,C011,CR029,5171,20,0,178.39,0.00,USD
2026-08-11,C001,CR001,684,77,8,140.46,1371.10,USD
2026-08-11,C001,CR002,395,45,4,88.10,653.05,USD
2026-08-11,C002,CR003,2440,118,5,294.55,745.39,USD
2026-08-11,C002,CR004,1776,93,4,239.04,617.67,USD
2026-08-11,C002,CR005,1527,85,4,213.77,607.98,USD
2026-08-11,C002,CR006,980,56,2,133.97,304.55,USD
2026-08-11,C003,CR007,19859,1139,18,25882.81,26827.86,INR
2026-08-11,C003,CR008,14996,956,14,21896.54,24479.75,INR
2026-08-11,C004,CR009,26249,336,9,351.87,1487.68,USD
2026-08-11,C004,CR010,23100,266,7,309.20,1114.09,USD
2026-08-11,C004,CR011,23257,307,6,326.83,986.67,USD
2026-08-11,C004,CR012,13725,177,5,207.62,773.19,USD
2026-08-11,C005,CR013,19596,324,19,314.53,1407.39,USD
2026-08-11,C005,CR014,9967,168,13,153.57,1076.70,USD
2026-08-11,C006,CR015,318124,3124,17,27467.18,24529.39,INR
2026-08-11,C006,CR016,348793,3038,17,25952.95,22955.30,INR
2026-08-11,C006,CR017,225632,2242,12,20848.75,17040.24,INR
2026-08-11,C008,CR021,3853606,17502,8,60006.37,11829.58,INR
2026-08-11,C008,CR022,2724124,11246,5,39728.92,7321.12,INR
2026-08-11,C009,CR023,71489,690,3,357.50,375.15,USD
2026-08-11,C009,CR024,58478,573,5,309.66,606.81,USD
2026-08-11,C010,CR025,6092,34,2,428.39,1030.73,USD
2026-08-11,C010,CR025,6092,34,2,428.39,1030.73,USD
2026-08-11,C010,CR026,4192,23,2,297.35,988.89,USD
2026-08-11,C010,CR026,4192,23,2,297.35,988.89,USD
2026-08-11,C010,CR027,4148,22,1,265.29,541.32,USD
2026-08-11,C010,CR027,4148,22,1,265.29,541.32,USD
2026-08-11,C011,CR028,7144,27,0,241.95,0.00,USD
2026-08-11,C011,CR029,5579,18,0,162.10,0.00,USD
2026-08-12,C001,CR001,610,73,5,140.66,858.92,USD
2026-08-12,C001,CR002,392,43,4,86.21,696.48,USD
2026-08-12,C002,CR003,2581,127,5,343.75,746.03,USD
2026-08-12,C002,CR004,1792,95,4,257.39,653.09,USD
2026-08-12,C002,CR005,1875,98,4,244.44,642.58,USD
2026-08-12,C002,CR006,1220,59,2,154.68,320.46,USD
2026-08-12,C003,CR007,18857,1144,14,23680.92,23486.19,INR
2026-08-12,C003,CR008,15553,869,16,18328.20,25656.61,INR
2026-08-12,C004,CR009,26323,358,9,384.81,1584.80,USD
2026-08-12,C004,CR010,26948,372,8,391.19,1421.58,USD
2026-08-12,C004,CR011,22719,276,5,297.91,787.24,USD
2026-08-12,C004,CR012,15986,213,3,239.31,480.57,USD
2026-08-12,C005,CR013,22964,394,25,340.20,1874.27,USD
2026-08-12,C005,CR014,9032,168,11,155.05,838.42,USD
2026-08-12,C006,CR015,354240,3380,17,28865.89,21744.78,INR
2026-08-12,C006,CR016,346606,3317,15,27774.56,21409.43,INR
2026-08-12,C006,CR017,232162,2161,13,19753.65,18769.85,INR
2026-08-12,C008,CR021,3668019,16338,8,63670.09,11271.48,INR
2026-08-12,C008,CR022,3208209,13181,5,44234.25,6870.01,INR
2026-08-12,C009,CR023,62176,552,4,311.36,486.26,USD
2026-08-12,C009,CR024,60110,549,4,318.50,445.02,USD
2026-08-12,C010,CR025,5074,31,1,414.06,531.02,USD
2026-08-12,C010,CR026,5141,26,1,323.22,482.60,USD
2026-08-12,C010,CR027,3104,17,1,230.37,526.88,USD
2026-08-12,C011,CR028,6388,22,0,208.11,0.00,USD
2026-08-12,C011,CR029,5701,19,0,173.19,0.00,USD
2026-08-13,C001,CR001,819,87,9,151.85,1590.61,USD
2026-08-13,C001,CR002,449,48,4,87.24,620.29,USD
2026-08-13,C002,CR003,2440,134,6,326.21,918.52,USD
2026-08-13,C002,CR004,1738,91,3,218.94,432.15,USD
2026-08-13,C002,CR005,1435,82,3,198.41,461.19,USD
2026-08-13,C002,CR006,1177,64,2,157.57,328.07,USD
2026-08-13,C003,CR007,17009,972,15,23138.49,23226.85,INR
2026-08-13,C003,CR008,14886,953,16,21652.70,27025.78,INR
2026-08-13,C004,CR009,24719,305,8,363.83,1352.20,USD
2026-08-13,C004,CR010,23485,325,7,381.85,1199.79,USD
2026-08-13,C004,CR011,21143,276,7,305.56,1098.23,USD
2026-08-13,C004,CR012,16829,209,4,232.76,689.65,USD
2026-08-13,C005,CR013,19767,342,28,301.35,2329.38,USD
2026-08-13,C005,CR014,11212,224,11,189.48,897.64,USD
2026-08-13,C005,CR999,7944,143,3,131.56,273.00,USD
2026-08-13,C006,CR015,377091,3401,18,30801.53,23171.36,INR
2026-08-13,C006,CR016,256524,2328,12,22155.96,15480.98,INR
2026-08-13,C006,CR017,279784,2561,11,22085.72,15429.37,INR
2026-08-13,C008,CR021,4300927,16876,7,56640.48,10155.96,INR
2026-08-13,C008,CR022,2951410,11426,4,43973.83,5304.15,INR
2026-08-13,C009,CR023,62514,555,3,326.87,345.07,USD
2026-08-13,C009,CR024,56012,498,3,278.98,354.49,USD
2026-08-13,C010,CR025,6540,35,3,413.97,1614.97,USD
2026-08-13,C010,CR026,4192,23,1,278.27,507.82,USD
2026-08-13,C010,CR027,3350,17,1,227.06,488.61,USD
2026-08-13,C011,CR028,7575,27,0,243.34,0.00,USD
2026-08-13,C011,CR029,5258,17,0,143.53,0.00,USD
2026-08-14,C001,CR001,759,86,7,151.95,1180.54,USD
2026-08-14,C001,CR002,354,44,5,87.63,872.44,USD
2026-08-14,C002,CR003,2137,121,4,300.54,612.10,USD
2026-08-14,C002,CR004,1474,82,3,208.91,477.25,USD
2026-08-14,C002,CR005,1389,76,2,208.70,287.87,USD
2026-08-14,C002,CR006,876,48,2,130.20,299.55,USD
2026-08-14,C003,CR007,16114,917,13,21739.83,22031.96,INR
2026-08-14,C003,CR008,13859,921,12,19873.71,20763.71,INR
2026-08-14,C004,CR009,31482,395,10,421.84,1607.05,USD
2026-08-14,C004,CR010,23372,309,6,369.17,1052.71,USD
2026-08-14,C004,CR011,23745,296,8,317.06,1349.17,USD
2026-08-14,C004,CR012,16372,219,6,251.00,1059.17,USD
2026-08-14,C005,CR013,21386,371,27,352.85,2060.98,USD
2026-08-14,C005,CR014,12361,234,15,195.03,1205.63,USD
2026-08-14,C006,CR015,317138,2889,18,28250.16,23494.72,INR
2026-08-14,C006,CR016,270445,2646,13,23110.47,16912.37,INR
2026-08-14,C006,CR017,278502,2456,11,20781.38,13871.33,INR
2026-08-14,C008,CR021,4793870,20861,7,69900.50,9130.18,INR
2026-08-14,C008,CR022,3163351,13290,5,46118.40,6874.15,INR
2026-08-14,C009,CR023,74604,666,4,394.33,504.88,USD
2026-08-14,C009,CR024,61549,558,4,329.91,476.85,USD
2026-08-14,C010,CR025,4466,27,3,359.79,1473.29,USD
2026-08-14,C010,CR026,4522,23,2,272.01,1116.56,USD
2026-08-14,C010,CR027,3099,18,1,213.35,515.69,USD
2026-08-14,C011,CR028,6443,21,0,183.09,0.00,USD
2026-08-14,C011,CR029,4265,15,0,147.76,0.00,USD
2026-08-15,C001,CR001,660,77,8,140.82,1313.88,USD
2026-08-15,C001,CR002,387,44,4,84.48,700.69,USD
2026-08-15,C002,CR003,2211,114,5,284.32,806.27,USD
2026-08-15,C002,CR004,1470,81,4,195.57,616.88,USD
2026-08-15,C002,CR005,1320,71,2,191.55,306.33,USD
2026-08-15,C002,CR006,972,54,3,142.93,447.83,USD
2026-08-15,C003,CR007,16701,936,15,19415.84,23882.34,INR
2026-08-15,C003,CR008,11427,731,11,15929.44,17231.75,INR
2026-08-15,C004,CR009,32504,402,10,413.15,1685.47,USD
2026-08-15,C004,CR010,23207,305,7,330.83,1144.87,USD
2026-08-15,C004,CR011,19688,272,7,307.75,1238.36,USD
2026-08-15,C004,CR012,13686,190,5,226.98,884.93,USD
2026-08-15,C005,CR013,19257,378,22,358.92,1752.91,USD
2026-08-15,C005,CR014,11345,191,11,170.43,822.60,USD
2026-08-15,C006,CR015,337772,3372,16,30041.25,20628.45,INR
2026-08-15,C006,CR016,267919,2538,14,24749.35,17973.15,INR
2026-08-15,C006,CR017,295913,2785,16,24213.79,23126.77,INR
2026-08-15,C008,CR021,4485298,20413,8,72514.01,10846.70,INR
2026-08-15,C008,CR022,2747579,12786,6,47341.97,8964.84,INR
2026-08-15,C009,CR023,74375,722,4,400.04,443.04,USD
2026-08-15,C009,CR024,70582,624,4,327.79,502.90,USD
2026-08-15,C010,CR025,1330,8,1,104.19,486.93,USD
2026-08-15,C010,CR026,1322,7,1,87.05,512.29,USD
2026-08-15,C010,CR027,1091,6,0,72.59,0.00,USD
2026-08-15,C011,CR028,2196,7,0,64.42,0.00,USD
2026-08-15,C011,CR029,1451,5,0,42.38,0.00,USD
2026-08-16,C001,CR001,572,69,5,119.25,879.84,USD
2026-08-16,C001,CR002,406,46,5,81.97,818.43,USD
2026-08-16,C002,CR003,1621,89,4,240.87,604.54,USD
2026-08-16,C002,CR004,1553,83,3,208.06,429.21,USD
2026-08-16,C002,CR005,1374,65,3,176.39,420.38,USD
2026-08-16,C002,CR006,928,52,2,129.18,292.15,USD
2026-08-16,C003,CR007,15037,857,11,18522.03,18321.39,INR
2026-08-16,C003,CR008,10157,676,11,16105.79,17100.93,INR
2026-08-16,C004,CR009,25179,343,7,356.39,1171.35,USD
2026-08-16,C004,CR010,24202,300,6,355.92,998.16,USD
2026-08-16,C004,CR010,24202,300,6,355.92,998.16,USD
2026-08-16,C004,CR011,20375,254,4,297.26,643.46,USD
2026-08-16,C004,CR012,20021,253,5,260.64,819.02,USD
2026-08-16,C005,CR013,19009,370,24,329.80,1879.24,USD
2026-08-16,C005,CR014,13839,229,14,193.71,1028.81,USD
2026-08-16,C006,CR015,368835,3357,16,30371.79,22840.24,INR
2026-08-16,C006,CR016,344182,3332,16,28504.23,20320.39,INR
2026-08-16,C006,CR017,214267,2206,13,19291.79,18132.18,INR
2026-08-16,C008,CR021,3789697,16973,6,62953.91,9022.72,INR
2026-08-16,C008,CR022,2622915,11897,5,41934.91,6544.29,INR
2026-08-16,C009,CR023,84382,744,6,401.71,670.20,USD
2026-08-16,C009,CR024,59981,579,4,332.71,505.91,USD
2026-08-16,C010,CR025,1787,9,1,108.38,499.83,USD
2026-08-16,C010,CR026,1159,6,0,73.59,0.00,USD
2026-08-16,C010,CR027,903,5,0,63.26,0.00,USD
2026-08-16,C011,CR028,1681,6,0,55.51,0.00,USD
2026-08-16,C011,CR029,1243,4,0,34.95,0.00,USD
2026-08-17,C001,CR001,744,89,8,164.60,1284.32,USD
2026-08-17,C001,CR002,356,45,4,89.48,627.73,USD
2026-08-17,C002,CR003,2517,124,5,318.81,811.01,USD
2026-08-17,C002,CR004,1445,77,4,209.46,570.86,USD
2026-08-17,C002,CR005,1319,73,3,195.42,484.07,USD
2026-08-17,C002,CR006,1192,63,3,159.95,490.22,USD
2026-08-17,C003,CR007,19436,1117,15,23026.41,22992.27,INR
2026-08-17,C003,CR008,13596,783,12,18681.04,19615.34,INR
2026-08-17,C004,CR009,26090,312,7,341.23,1181.54,USD
2026-08-17,C004,CR010,22696,309,7,315.77,1228.44,USD
2026-08-17,C004,CR011,18821,223,4,260.27,673.06,USD
2026-08-17,C004,CR012,14738,192,3,228.41,477.13,USD
2026-08-17,C005,CR013,20696,360,26,307.48,1894.89,USD
2026-08-17,C005,CR014,9031,157,9,147.14,650.36,USD
2026-08-17,C006,CR015,382341,3399,20,28840.18,29002.84,INR
2026-08-17,C006,CR016,282384,2585,15,22477.28,20472.63,INR
2026-08-17,C006,CR017,225389,2028,12,19513.47,16529.07,INR
2026-08-17,C008,CR021,4172699,17419,7,60052.16,9456.33,INR
2026-08-17,C008,CR022,2312508,9814,4,37144.72,5470.41,INR
2026-08-17,C009,CR023,60816,604,3,356.27,351.83,USD
2026-08-17,C009,CR024,66517,558,3,310.96,371.06,USD
2026-08-17,C010,CR025,6282,35,2,422.43,999.99,USD
2026-08-17,C010,CR026,5369,27,2,321.43,1042.13,USD
2026-08-17,C010,CR027,4147,21,2,264.10,1054.58,USD
2026-08-17,C011,CR028,7856,28,0,235.47,0.00,USD
2026-08-17,C011,CR029,5680,20,0,164.25,0.00,USD
2026-08-18,C001,CR001,712,84,7,159.24,1206.23,USD
2026-08-18,C001,CR002,452,51,6,103.21,1068.69,USD
2026-08-18,C002,CR003,2530,126,6,327.13,943.97,USD
2026-08-18,C002,CR004,2214,106,4,258.76,643.24,USD
2026-08-18,C002,CR005,1630,80,3,216.98,467.57,USD
2026-08-18,C002,CR006,1381,68,2,165.36,299.04,USD
2026-08-18,C003,CR007,16586,1019,17,22393.16,28476.65,INR
2026-08-18,C003,CR008,15079,1001,16,21750.68,25053.63,INR
2026-08-18,C004,CR009,28436,333,8,376.47,1407.29,USD
2026-08-18,C004,CR010,27471,345,5,368.06,798.02,USD
2026-08-18,C004,CR011,20979,269,5,306.59,773.85,USD
2026-08-18,C004,CR012,14281,190,3,206.09,468.77,USD
2026-08-18,C005,CR013,21213,348,24,324.50,1966.21,USD
2026-08-18,C005,CR014,9988,189,11,176.65,909.81,USD
2026-08-18,C006,CR015,411255,3721,22,32813.04,31260.33,INR
2026-08-18,C006,CR016,249186,2385,12,22502.95,15131.27,INR
2026-08-18,C006,CR017,267463,2574,15,22289.27,21644.97,INR
2026-08-18,C008,CR021,3565739,15853,8,61902.68,11507.79,INR
2026-08-18,C008,CR022,2367567,9442,5,35358.97,7399.31,INR
2026-08-18,C009,CR023,71184,592,4,319.21,449.98,USD
2026-08-18,C009,CR024,52963,528,3,312.97,375.37,USD
2026-08-18,C010,CR025,5718,31,3,393.50,1448.84,USD
2026-08-18,C010,CR026,4642,26,2,347.34,1036.19,USD
2026-08-18,C010,CR027,3966,21,1,274.31,542.94,USD
2026-08-18,C011,CR028,6368,23,0,213.34,0.00,USD
2026-08-18,C011,CR029,5430,20,0,182.71,0.00,USD
2026-08-19,C001,CR001,541,69,6,132.39,1067.31,USD
2026-08-19,C001,CR002,473,54,6,96.45,939.71,USD
2026-08-19,C002,CR003,1869,106,4,276.55,651.01,USD
2026-08-19,C002,CR004,1882,92,3,233.72,439.47,USD
2026-08-19,C002,CR005,1777,85,3,213.87,472.81,USD
2026-08-19,C002,CR006,1002,56,2,140.40,282.66,USD
2026-08-19,C003,CR007,17607,1101,16,24508.65,24766.82,INR
2026-08-19,C003,CR008,16465,928,17,19673.21,26462.77,INR
2026-08-19,C004,CR009,22441,287,7,339.35,1187.26,USD
2026-08-19,C004,CR010,24687,335,7,346.41,1081.01,USD
2026-08-19,C004,CR011,19926,259,5,300.03,818.87,USD
2026-08-19,C004,CR012,16084,223,4,238.34,639.43,USD
2026-08-19,C005,CR013,18840,331,22,296.41,1646.96,USD
2026-08-19,C005,CR014,12468,218,17,182.11,1393.09,USD
2026-08-19,C006,CR015,285722,2924,14,28230.72,18982.56,INR
2026-08-19,C006,CR016,314899,3091,16,27040.82,21229.21,INR
2026-08-19,C006,CR017,251166,2400,11,22104.82,13894.90,INR
2026-08-19,C008,CR021,4006275,15951,5,60868.45,7069.93,INR
2026-08-19,C008,CR022,3046628,12132,5,41390.94,6932.71,INR
2026-08-19,C009,CR023,80119,659,4,362.94,455.12,USD
2026-08-19,C009,CR024,50002,480,3,256.82,331.91,USD
2026-08-19,C010,CR025,6695,34,3,396.53,1485.46,USD
2026-08-19,C010,CR026,5396,28,2,345.38,1075.47,USD
2026-08-19,C010,CR027,3506,19,2,224.02,1080.04,USD
2026-08-19,C011,CR028,7780,28,0,239.30,0.00,USD
2026-08-19,C011,CR029,6057,20,0,168.65,0.00,USD
2026-08-20,C001,CR001,598,73,8,132.58,1408.44,USD
2026-08-20,C001,CR002,501,56,6,96.20,996.33,USD
2026-08-20,C002,CR003,1393,77,3,216.17,429.75,USD
2026-08-20,C002,CR004,1129,57,2,152.19,296.75,USD
2026-08-20,C002,CR005,1195,58,2,143.05,298.67,USD
2026-08-20,C002,CR006,841,43,1,105.18,147.17,USD
2026-08-20,C003,CR007,21582,1260,22,25689.27,37853.51,INR
2026-08-20,C003,CR008,14963,967,16,20134.53,27863.00,INR
2026-08-20,C004,CR009,27529,359,6,419.81,1057.25,USD
2026-08-20,C004,CR010,26674,313,5,330.64,804.65,USD
2026-08-20,C004,CR011,20040,245,5,278.66,858.41,USD
2026-08-20,C004,CR012,18227,213,4,229.11,641.82,USD
2026-08-20,C005,CR013,16068,311,17,298.63,1359.48,USD
2026-08-20,C005,CR014,10323,201,15,182.22,1128.29,USD
2026-08-20,C006,CR015,321504,3023,15,27765.84,20907.96,INR
2026-08-20,C006,CR016,286101,2696,11,24061.04,15330.75,INR
2026-08-20,C006,CR017,264317,2522,12,21172.24,17363.13,INR
2026-08-20,C008,CR021,3971618,18188,8,64455.19,11783.64,INR
2026-08-20,C008,CR022,3029578,12855,6,44529.40,7857.90,INR
2026-08-20,C009,CR023,65380,629,3,332.87,345.94,USD
2026-08-20,C009,CR024,53455,529,3,292.10,335.49,USD
2026-08-20,C010,CR025,5742,29,2,389.76,1049.96,USD
2026-08-20,C010,CR026,4315,26,2,316.86,1048.53,USD
2026-08-20,C010,CR027,2888,17,1,213.05,556.14,USD
2026-08-20,C011,CR028,6282,24,0,210.32,0.00,USD
2026-08-20,C011,CR029,5433,19,0,168.21,0.00,USD
2026-08-21,C001,CR001,795,85,7,155.13,1098.47,USD
2026-08-21,C001,CR002,478,53,4,95.31,625.03,USD
2026-08-21,C002,CR003,1467,75,3,209.43,469.76,USD
2026-08-21,C002,CR004,1196,60,3,152.13,434.55,USD
2026-08-21,C002,CR005,1119,58,2,161.08,281.77,USD
2026-08-21,C002,CR006,806,40,2,112.67,320.20,USD
2026-08-21,C003,CR007,17789,1173,21,24352.01,33059.37,INR
2026-08-21,C003,CR008,13741,878,14,18004.14,22177.48,INR
2026-08-21,C004,CR009,32810,380,7,423.27,1123.89,USD
2026-08-21,C004,CR010,23866,328,6,345.45,1067.56,USD
2026-08-21,C004,CR011,27421,328,6,343.02,916.69,USD
2026-08-21,C004,CR012,17485,241,5,245.96,787.96,USD
2026-08-21,C005,CR013,18144,346,19,302.44,1437.44,USD
2026-08-21,C005,CR014,10693,180,13,165.77,1062.59,USD
2026-08-21,C006,CR015,356960,3409,20,29841.87,26450.07,INR
2026-08-21,C006,CR016,292377,2910,13,26562.60,17202.07,INR
2026-08-21,C006,CR017,257245,2489,13,22346.10,16362.59,INR
2026-08-21,C008,CR021,4471367,18154,6,63176.49,9029.75,INR
2026-08-21,C008,CR022,2281035,10165,3,39063.02,4390.27,INR
2026-08-21,C009,CR023,79176,717,5,421.80,554.32,USD
2026-08-21,C009,CR024,60557,553,3,290.87,371.70,USD
2026-08-21,C010,CR025,5575,30,2,367.70,1066.59,USD
2026-08-21,C010,CR026,4853,25,2,288.92,1083.15,USD
2026-08-21,C010,CR027,2866,16,1,192.78,493.79,USD
2026-08-21,C011,CR028,1601,6,0,56.93,0.00,USD
2026-08-21,C011,CR029,1039,4,0,38.13,0.00,USD
2026-08-22,C001,CR001,555,69,7,135.72,1090.54,USD
2026-08-22,C001,CR002,342,40,4,76.51,708.76,USD
2026-08-22,C002,CR003,1279,72,3,174.44,474.18,USD
2026-08-22,C002,CR004,867,48,2,134.19,318.51,USD
2026-08-22,C002,CR005,934,51,2,135.21,325.85,USD
2026-08-22,C002,CR006,736,35,2,85.47,283.57,USD
2026-08-22,C003,CR007,16084,1043,13,23592.74,22012.22,INR
2026-08-22,C003,CR008,13299,814,12,17218.78,19108.13,INR
2026-08-22,C004,CR009,29206,398,7,424.72,1239.78,USD
2026-08-22,C004,CR010,25521,337,7,384.44,1080.49,USD
2026-08-22,C004,CR011,24107,296,6,302.78,1062.22,USD
2026-08-22,C004,CR012,17374,226,5,248.48,770.49,USD
2026-08-22,C005,CR013,19900,348,22,336.11,1826.30,USD
2026-08-22,C005,CR014,9933,172,13,158.77,1054.01,USD
2026-08-22,C006,CR015,335817,3453,20,30061.80,28641.49,INR
2026-08-22,C006,CR016,313404,3157,18,26629.22,24589.56,INR
2026-08-22,C006,CR017,262363,2312,14,22432.77,18394.71,INR
2026-08-22,C008,CR021,3652010,15577,5,58775.91,7435.02,INR
2026-08-22,C008,CR022,3551708,13798,5,48388.76,7028.12,INR
2026-08-22,C009,CR023,69088,647,4,373.55,502.58,USD
2026-08-22,C009,CR024,56441,507,2,286.76,248.64,USD
2026-08-22,C010,CR025,1529,9,0,111.85,0.00,USD
2026-08-22,C010,CR026,1007,6,0,79.45,0.00,USD
2026-08-22,C010,CR027,855,5,1,65.28,550.36,USD
2026-08-22,C011,CR028,232,1,0,8.29,0.00,USD
2026-08-22,C011,CR029,156,1,0,6.07,0.00,USD
2026-08-23,C001,CR001,624,69,7,133.23,1141.28,USD
2026-08-23,C001,CR002,393,45,5,77.98,775.31,USD
2026-08-23,C002,CR003,1049,60,2,170.45,287.57,USD
2026-08-23,C002,CR004,953,55,2,134.52,327.16,USD
2026-08-23,C002,CR005,1086,55,3,149.73,429.69,USD
2026-08-23,C002,CR006,746,37,2,92.53,303.46,USD
2026-08-23,C003,CR007,12769,830,12,19049.27,18205.11,INR
2026-08-23,C003,CR008,13209,746,13,15957.33,21304.68,INR
2026-08-23,C004,CR009,27903,338,6,376.30,971.67,USD
2026-08-23,C004,CR010,25352,340,6,392.72,980.64,USD
2026-08-23,C004,CR011,23931,304,6,332.21,1067.22,USD
2026-08-23,C004,CR012,16678,228,4,248.60,661.85,USD
2026-08-23,C005,CR013,16583,310,21,292.57,1692.67,USD
2026-08-23,C005,CR014,11270,193,13,166.35,1012.52,USD
2026-08-23,C006,CR015,470698,4080,25,35573.59,33348.33,INR
2026-08-23,C006,CR016,344431,3142,16,26755.15,21503.87,INR
2026-08-23,C006,CR017,235103,2200,14,21402.39,20356.04,INR
2026-08-23,C008,CR021,3852306,15820,8,61511.80,11900.12,INR
2026-08-23,C008,CR022,2754263,12487,4,45729.85,5222.87,INR
2026-08-23,C009,CR023,81787,715,4,418.21,445.81,USD
2026-08-23,C009,CR024,60604,549,3,304.55,370.90,USD
2026-08-23,C010,CR025,1653,9,1,105.71,523.09,USD
2026-08-23,C010,CR026,1155,6,0,77.36,0.00,USD
2026-08-23,C010,CR027,924,5,0,62.52,0.00,USD
2026-08-24,C001,CR001,764,91,8,164.04,1253.30,USD
2026-08-24,C001,CR002,396,46,5,86.63,852.37,USD
2026-08-24,C002,CR003,1528,84,4,203.37,608.62,USD
2026-08-24,C002,CR004,1174,65,3,168.59,478.65,USD
2026-08-24,C002,CR005,1299,65,2,157.75,315.12,USD
2026-08-24,C002,CR006,878,45,2,107.95,312.37,USD
2026-08-24,C003,CR007,20358,1232,18,25708.37,30791.35,INR
2026-08-24,C003,CR008,16565,1081,18,22399.85,28539.13,INR
2026-08-24,C004,CR009,24031,308,6,324.94,995.49,USD
2026-08-24,C004,CR010,25263,317,6,331.87,1044.93,USD
2026-08-24,C004,CR011,22613,271,5,277.23,779.45,USD
2026-08-24,C004,CR012,16294,192,4,198.43,652.26,USD
2026-08-24,C005,CR013,18332,317,18,281.46,1372.32,USD
2026-08-24,C005,CR014,10690,191,14,173.47,1138.32,USD
2026-08-24,C006,CR015,298319,2901,13,27280.00,16985.98,INR
2026-08-24,C006,CR016,318018,2807,15,26299.50,21518.92,INR
2026-08-24,C006,CR017,236905,2230,13,20951.06,16181.36,INR
2026-08-24,C008,CR021,4489853,19483,9,65603.08,13105.60,INR
2026-08-24,C008,CR022,2380467,10438,4,35578.05,5354.20,INR
2026-08-24,C009,CR023,65729,634,5,330.82,559.58,USD
2026-08-24,C009,CR024,53011,474,3,262.65,345.49,USD
2026-08-24,C010,CR025,5914,33,2,443.07,961.79,USD
2026-08-24,C010,CR026,4170,25,2,314.81,979.53,USD
2026-08-24,C010,CR027,3573,21,1,265.78,492.20,USD
2026-08-25,C001,CR001,794,88,8,160.00,1397.35,USD
2026-08-25,C001,CR002,435,51,5,98.01,759.36,USD
2026-08-25,C002,CR003,1871,90,4,249.47,629.13,USD
2026-08-25,C002,CR004,1290,73,4,178.44,650.47,USD
2026-08-25,C002,CR005,1072,55,2,141.66,323.25,USD
2026-08-25,C002,CR006,885,42,1,111.61,140.66,USD
2026-08-25,C003,CR007,18442,1150,19,23746.07,32180.23,INR
2026-08-25,C003,CR008,13413,788,10,17923.65,15865.50,INR
2026-08-25,C004,CR009,25279,320,7,330.59,1080.17,USD
2026-08-25,C004,CR010,22695,314,5,338.14,855.99,USD
2026-08-25,C004,CR011,22783,290,6,296.80,964.36,USD
2026-08-25,C004,CR012,17505,222,3,232.17,489.90,USD
2026-08-25,C005,CR013,22383,384,28,340.93,2091.40,USD
2026-08-25,C005,CR014,10264,176,14,156.94,1174.22,USD
2026-08-25,C006,CR015,374673,3303,16,31948.84,21232.34,INR
2026-08-25,C006,CR016,263121,2744,13,23335.30,17720.67,INR
2026-08-25,C006,CR017,285402,2576,11,22109.59,14606.51,INR
2026-08-25,C008,CR021,3687667,16549,8,62600.97,10364.23,INR
2026-08-25,C008,CR022,2452394,10613,4,36903.51,5330.03,INR
2026-08-25,C009,CR023,68329,565,4,330.72,493.86,USD
2026-08-25,C009,CR024,46693,459,3,257.01,381.56,USD
2026-08-25,C010,CR025,6161,35,3,411.45,1633.39,USD
2026-08-25,C010,CR026,4948,25,2,338.17,959.77,USD
2026-08-25,C010,CR027,3284,19,1,238.38,544.77,USD
2026-08-25,C012,CR030,492564,3764,3,20022.53,2595.84,INR
2026-08-25,C012,CR031,396664,3097,3,15352.92,2787.59,INR
2026-08-26,C001,CR001,632,74,7,144.39,1125.28,USD
2026-08-26,C001,CR002,480,51,5,94.30,848.98,USD
2026-08-26,C002,CR003,1717,94,5,226.77,813.53,USD
2026-08-26,C002,CR004,1175,65,2,158.32,323.25,USD
2026-08-26,C002,CR005,1117,60,2,150.39,283.84,USD
2026-08-26,C002,CR006,780,38,1,104.45,142.90,USD
2026-08-26,C003,CR007,15336,1033,12,23385.20,18630.91,INR
2026-08-26,C003,CR008,11474,769,13,18020.06,20545.63,INR
2026-08-26,C004,CR009,28970,349,6,386.68,970.52,USD
2026-08-26,C004,CR010,29076,356,6,369.49,960.62,USD
2026-08-26,C004,CR011,23708,280,5,311.33,839.10,USD
2026-08-26,C004,CR012,14352,183,3,207.38,473.03,USD
2026-08-26,C005,CR013,19667,336,27,295.58,1939.09,USD
2026-08-26,C005,CR014,11393,209,13,183.99,1039.01,USD
2026-08-26,C006,CR015,399576,3656,18,30715.13,25850.20,INR
2026-08-26,C006,CR016,289383,3027,14,26360.57,18140.05,INR
2026-08-26,C006,CR017,274557,2480,11,22036.73,15885.89,INR
2026-08-26,C008,CR021,3687602,16428,6,62572.15,7812.80,INR
2026-08-26,C008,CR022,3116424,12104,4,42973.02,5901.31,INR
2026-08-26,C009,CR023,72960,614,3,356.37,328.76,USD
2026-08-26,C009,CR024,51431,509,3,297.95,365.88,USD
2026-08-26,C010,CR025,6837,36,3,440.11,1537.01,USD
2026-08-26,C010,CR026,5353,27,2,325.50,964.89,USD
2026-08-26,C010,CR027,3186,18,1,231.63,479.34,USD
2026-08-26,C012,CR030,578360,3921,2,20835.12,1883.31,INR
2026-08-26,C012,CR031,324742,2494,2,13119.18,1729.77,INR
2026-08-27,C001,CR001,674,77,7,143.01,1210.22,USD
2026-08-27,C001,CR002,379,45,4,79.00,676.43,USD
2026-08-27,C002,CR003,1645,82,3,228.90,462.10,USD
2026-08-27,C002,CR004,1584,75,3,188.20,474.52,USD
2026-08-27,C002,CR005,1003,53,2,143.94,310.65,USD
2026-08-27,C002,CR006,676,34,2,93.50,323.15,USD
2026-08-27,C003,CR007,20134,1150,20,26979.14,31319.64,INR
2026-08-27,C003,CR007,20134,1150,20,26979.14,31319.64,INR
2026-08-27,C003,CR008,15727,1005,13,21851.33,19793.95,INR
2026-08-27,C004,CR009,26293,311,7,360.72,1225.97,USD
2026-08-27,C004,CR010,26638,343,7,378.06,1237.34,USD
2026-08-27,C004,CR011,23811,316,7,325.20,1219.53,USD
2026-08-27,C004,CR012,17192,209,3,226.11,485.44,USD
2026-08-27,C005,CR013,18610,358,23,345.21,1772.87,USD
2026-08-27,C005,CR014,10044,172,10,149.56,805.12,USD
2026-08-27,C006,CR015,361264,3244,17,31392.36,23146.12,INR
2026-08-27,C006,CR016,292319,2699,15,24856.76,20920.44,INR
2026-08-27,C006,CR017,250348,2368,13,21694.40,18777.55,INR
2026-08-27,C008,CR021,3715611,15497,7,55155.15,10368.94,INR
2026-08-27,C008,CR022,2587425,11803,5,41418.54,6636.67,INR
2026-08-27,C009,CR023,66500,631,4,360.01,467.10,USD
2026-08-27,C009,CR024,54726,526,4,292.38,459.38,USD
2026-08-27,C010,CR025,6998,36,2,444.89,962.62,USD
2026-08-27,C010,CR026,4730,25,2,314.08,1076.13,USD
2026-08-27,C010,CR027,3831,22,2,260.37,1032.10,USD
2026-08-27,C012,CR030,548969,4109,2,23110.72,1814.65,INR
2026-08-27,C012,CR031,307698,2391,3,12928.84,2872.15,INR
2026-08-28,C001,CR001,691,73,7,135.45,1232.61,USD
2026-08-28,C001,CR002,422,50,5,94.84,838.26,USD
2026-08-28,C002,CR003,1548,85,3,233.21,422.39,USD
2026-08-28,C002,CR004,1164,59,3,156.44,466.51,USD
2026-08-28,C002,CR005,895,51,2,141.31,295.40,USD
2026-08-28,C002,CR006,799,44,1,111.49,141.54,USD
2026-08-28,C003,CR007,15667,1057,19,22231.91,28854.18,INR
2026-08-28,C003,CR008,15359,962,16,20076.06,26420.30,INR
2026-08-28,C004,CR009,27078,316,6,376.46,995.11,USD
2026-08-28,C004,CR010,23789,327,6,381.30,1052.35,USD
2026-08-28,C004,CR011,21621,281,4,308.95,663.74,USD
2026-08-28,C004,CR012,17350,198,3,217.41,470.19,USD
2026-08-28,C005,CR013,19247,367,24,314.25,1964.08,USD
2026-08-28,C005,CR014,9844,184,11,168.06,867.34,USD
2026-08-28,C006,CR015,417254,4163,18,35189.63,22751.40,INR
2026-08-28,C006,CR016,289094,2762,13,24764.52,18564.57,INR
2026-08-28,C006,CR017,255005,2261,9,21602.95,12827.63,INR
2026-08-28,C008,CR021,4599456,21408,7,72340.68,9248.25,INR
2026-08-28,C008,CR022,2585429,12019,5,43895.67,6745.41,INR
2026-08-28,C009,CR023,72671,683,4,389.66,486.96,USD
2026-08-28,C009,CR024,67094,648,4,338.08,439.80,USD
2026-08-28,C010,CR025,5543,28,1,371.34,535.06,USD
2026-08-28,C010,CR026,3778,20,2,250.99,984.83,USD
2026-08-28,C010,CR027,2649,15,1,191.84,558.65,USD
2026-08-28,C012,CR030,551314,4303,3,24055.40,2569.27,INR
2026-08-28,C012,CR031,412734,3011,2,15332.28,1774.96,INR
2026-08-29,C001,CR001,523,59,6,117.42,1052.61,USD
2026-08-29,C001,CR002,356,42,3,84.37,530.24,USD
2026-08-29,C002,CR003,1650,81,3,202.79,477.90,USD
2026-08-29,C002,CR004,1378,67,3,162.93,458.17,USD
2026-08-29,C002,CR005,959,49,3,133.73,440.29,USD
2026-08-29,C002,CR006,634,34,1,93.53,154.76,USD
2026-08-29,C003,CR007,16149,898,12,21304.34,18361.25,INR
2026-08-29,C003,CR008,13547,874,14,18257.14,23181.11,INR
2026-08-29,C004,CR009,25645,337,6,383.06,938.14,USD
2026-08-29,C004,CR010,27771,363,7,401.84,1222.27,USD
2026-08-29,C004,CR011,27135,310,7,334.18,1168.54,USD
2026-08-29,C004,CR012,17989,233,5,254.63,788.69,USD
2026-08-29,C005,CR013,18194,361,28,311.88,2013.94,USD
2026-08-29,C005,CR014,11267,215,12,180.22,893.05,USD
2026-08-29,C006,CR015,428988,4178,18,35241.09,23310.14,INR
2026-08-29,C006,CR016,365847,3268,18,29527.35,22689.53,INR
2026-08-29,C006,CR017,232177,2147,12,20831.81,16885.63,INR
2026-08-29,C008,CR021,4298576,17970,6,66157.06,7888.25,INR
2026-08-29,C008,CR022,2948380,12155,5,45431.44,7548.19,INR
2026-08-29,C009,CR023,70188,627,4,345.85,476.83,USD
2026-08-29,C009,CR024,68640,596,4,328.20,450.15,USD
2026-08-29,C010,CR025,1675,10,0,123.53,0.00,USD
2026-08-29,C010,CR026,1097,6,0,86.72,0.00,USD
2026-08-29,C010,CR027,899,5,0,69.49,0.00,USD
2026-08-29,C012,CR030,566704,4106,4,23178.69,3762.04,INR
2026-08-29,C012,CR031,436851,2955,2,15556.99,1851.92,INR
2026-08-30,C001,CR001,711,79,8,140.32,1362.84,USD
2026-08-30,C001,CR002,322,37,3,70.32,483.37,USD
2026-08-30,C002,CR003,1253,71,2,183.70,304.85,usd
2026-08-30,C002,CR004,1200,58,2,158.20,301.48,USD
2026-08-30,C002,CR005,1086,60,2,147.00,325.36,USD
2026-08-30,C002,CR006,624,32,2,83.41,287.74,USD
2026-08-30,C003,CR007,15271,870,14,20263.52,21663.69,INR
2026-08-30,C003,CR008,12849,823,12,19243.19,19689.85,INR
2026-08-30,C004,CR009,29895,349,7,411.73,1132.79,USD
2026-08-30,C004,CR010,22332,310,5,336.53,759.74,USD
2026-08-30,C004,CR011,24804,303,7,350.13,1098.18,USD
2026-08-30,C004,CR012,16605,193,3,220.46,501.03,USD
2026-08-30,C005,CR013,18519,315,21,293.03,1635.02,USD
2026-08-30,C005,CR014,11130,200,12,167.04,1007.31,USD
2026-08-30,C006,CR015,383167,3582,18,33039.39,25479.62,INR
2026-08-30,C006,CR016,278876,2934,17,24957.97,24097.07,INR
2026-08-30,C006,CR017,271492,2614,11,22336.87,15342.15,INR
2026-08-30,C008,CR021,3548878,16061,6,61070.36,7832.23,INR
2026-08-30,C008,CR022,2720048,11094,5,40113.68,7160.04,INR
2026-08-30,C009,CR023,69215,636,4,361.28,495.36,USD
2026-08-30,C009,CR024,53559,518,4,297.36,460.52,USD
2026-08-30,C010,CR025,1584,8,1,102.63,479.86,USD
2026-08-30,C010,CR026,1187,6,0,77.38,0.00,USD
2026-08-30,C010,CR027,901,5,0,60.65,0.00,USD
2026-08-30,C012,CR030,546443,4096,3,22964.33,2901.81,INR
2026-08-30,C012,CR031,394564,2779,3,13610.29,2698.91,INR
2026-08-31,C001,CR001,705,78,7,151.82,1240.05,USD
2026-08-31,C001,CR002,389,45,4,86.71,682.15,USD
2026-08-31,C002,CR003,1482,79,3,199.29,492.30,USD
2026-08-31,C002,CR004,1357,67,3,0.00,486.81,USD
2026-08-31,C002,CR005,1129,58,3,145.18,483.49,USD
2026-08-31,C002,CR006,774,38,1,93.46,154.39,USD
2026-08-31,C003,CR007,16649,1030,13,21812.52,19645.01,INR
2026-08-31,C003,CR008,16448,981,13,20659.43,21865.49,INR
2026-08-31,C004,CR009,26794,316,6,329.04,911.61,USD
2026-08-31,C004,CR010,25491,318,6,325.97,1038.80,USD
2026-08-31,C004,CR011,20842,289,5,299.13,883.89,USD
2026-08-31,C004,CR012,18732,227,5,237.43,779.66,USD
2026-08-31,C005,CR013,16884,326,18,290.01,1328.61,USD
2026-08-31,C005,CR014,8184,160,11,151.91,903.80,USD
2026-08-31,C006,CR015,324221,3130,19,26894.63,23747.78,INR
2026-08-31,C006,CR016,284063,2805,13,25847.59,17001.54,INR
2026-08-31,C006,CR017,214024,1850,8,17673.79,10466.44,INR
2026-08-31,C008,CR021,4223678,16954,7,59740.04,9283.69,INR
2026-08-31,C008,CR022,2620476,10190,5,36575.57,6463.21,INR
2026-08-31,C009,CR023,56002,554,3,318.44,351.71,USD
2026-08-31,C009,CR024,54286,471,3,265.37,365.83,USD
2026-08-31,C010,CR025,6278,35,3,465.09,1583.16,USD
2026-08-31,C010,CR026,4185,23,1,288.28,530.21,usd
2026-08-31,C010,CR027,3146,19,2,235.30,1092.92,USD
2026-08-31,C012,CR030,463603,3576,4,19753.60,3363.25,INR
2026-08-31,C012,CR031,365132,2705,2,14456.44,1678.32,INR
2026-09-01,C001,CR001,732,83,8,158.12,1284.13,USD
2026-09-01,C001,CR002,496,52,4,92.46,639.76,USD
2026-09-01,C002,CR003,1637,83,4,213.50,603.59,USD
2026-09-01,C002,CR004,1256,61,2,169.25,281.48,USD
2026-09-01,C002,CR005,1192,64,3,173.86,424.39,USD
2026-09-01,C002,CR006,906,43,2,104.41,306.29,USD
2026-09-01,C003,CR007,17959,1083,20,24914.23,30178.22,INR
2026-09-01,C003,CR008,16452,986,13,21485.08,20774.77,INR
2026-09-01,C004,CR009,27274,356,7,,1200.52,USD
2026-09-01,C004,CR010,20579,277,4,317.87,656.45,USD
2026-09-01,C004,CR011,17997,244,4,283.06,659.96,USD
2026-09-01,C004,CR012,15429,196,3,218.65,458.50,USD
2026-09-01,C005,CR013,18415,354,27,298.31,2228.40,USD
2026-09-01,C005,CR014,10264,179,11,151.35,874.50,USD
2026-09-01,C006,CR015,337119,3126,14,29799.42,19309.63,INR
2026-09-01, C006 ,CR016,239238,2502,15,23831.65,19013.27,INR
2026-09-01,C006,CR017,204196,2120,10,17836.78,12717.96,INR
2026-09-01,C008,CR021,4480793,19337,8,65488.12,10346.53,INR
2026-09-01,C008,CR022,2618610,11717,4,40670.10,5391.49,INR
2026-09-01,C009,CR023,75284,619,4,352.43,470.65,USD
2026-09-01,C009,CR024,72854,609,5,320.20,629.79,USD
2026-09-01,C010,CR025,5069,30,3,384.88,1460.98,USD
2026-09-01,C010,CR026,4748,26,2,347.54,1082.15,USD
2026-09-01,C010,CR027,3920,22,2,259.57,991.09,USD
2026-09-01,C012,CR030,615001,4226,3,21006.03,2630.80,INR
2026-09-01,C012,CR031,397108,2824,2,15589.17,1832.45,INR
2026-09-02,C001,CR001,586,69,7,131.40,1145.82,USD
2026-09-02,C001,CR002,473,53,6,91.90,1013.37,USD
2026-09-02,C002,CR003,1572,89,4,241.28,644.38,USD
2026-09-02,C002,CR004,1427,72,2,191.44,293.27,USD
2026-09-02, C002 ,CR005,1355,68,3,167.64,439.82,USD
2026-09-02,C002,CR006,763,41,1,107.29,158.72,USD
2026-09-02,C003,CR007,18540,1087,14,22552.13,23605.52,INR
2026-09-02,C003,CR008,13362,820,10,18497.40,16933.58,INR
2026-09-02,C004,CR009,25286,305,6,362.74,944.24,USD
2026-09-02,C004,CR010,24368,322,5,376.11,856.19,USD
2026-09-02,C004,CR011,22488,274,6,283.62,1036.63,USD
2026-09-02,C004,CR012,17905,229,3,235.05,532.03,USD
2026-09-02,C005,CR013,17322,336,24,311.73,2020.65,USD
2026-09-02,C005,CR014,10623,183,14,156.92,1136.17,USD
2026-09-02,C006,CR015,337666,3214,16,28834.67,20094.15,INR
2026-09-02,C006,CR016,291582,2541,12,24546.02,16004.72,INR
2026-09-02,C006,CR017,226079,2266,14,19529.34,18228.29,INR
2026-09-02,C008,CR021,4488442,17714,8,66388.86,10844.34,INR
2026-09-02,C008,CR022,2678838,11155,5,40586.97,6665.75,INR
2026-09-02,C009,CR023,69524,615,4,355.71,486.65,USD
2026-09-02,C009,CR024,66782,618,4,324.97,456.91,USD
2026-09-02,C010,CR025,6354,38,3,458.27,1663.37,USD
2026-09-02,C010,CR026,3885,23,2,300.43,1034.15,USD
2026-09-02,C010,CR027,3554,21,2,244.46,1009.75,USD
2026-09-02,C012,CR030,543005,3920,3,20627.74,2872.90,INR
2026-09-02,C012,CR031,406074,3032,3,15329.43,2743.41,INR
2026-09-03,C001,CR001,595,70,6,134.62,979.23,USD
2026-09-03,C001,CR002,418,46,5,82.20,860.24,USD
2026-09-03,C002,CR003,1772,89,3,236.85,469.63,USD
2026-09-03,C002,CR004,1379,67,3,183.50,427.86,USD
2026-09-03,C002,CR005,1159,66,2,172.15,282.71,USD
2026-09-03,C002,CR006,697,38,2,96.88,305.63,USD
2026-09-03,C003,CR007,19301,1132,19,23528.52,33041.73,INR
2026-09-03,C003,CR008,12834,850,11,18743.24,19185.57,INR
2026-09-03,C004,CR009,28759,327,5,353.48,856.23,USD
2026-09-03,C004,CR010,28462,341,6,379.29,955.89,USD
2026-09-03,C004,CR011,22210,286,4,333.59,684.44,USD
2026-09-03,C004,CR012,17095,209,3,224.04,519.41,USD
2026-09-03,C005,CR013,18771,368,28,337.41,2014.70,USD
2026-09-03,C005,CR014,9377,187,11,157.70,827.89,USD
2026-09-03,C006,CR015,397420,3630,16,32615.00,20182.68,INR
2026-09-03,C006,CR016,325353,3131,17,26325.08,22183.89,INR
2026-09-03,C006,CR017,233150,2336,10,20812.33,13565.73,INR
2026-09-03,C008,CR021,4883501,19146,8,70361.41,10719.74,INR
2026-09-03,C008,CR022,2564813,10745,5,39352.39,6725.31,INR
2026-09-03,C009,CR023,80614,694,3,400.18,380.34,USD
2026-09-03,C009,CR024,64026,531,3,298.45,347.70,USD
2026-09-03,C010,CR025,6472,35,2,436.08,995.46,USD
2026-09-03,C010,CR026,4587,25,2,308.58,1036.65,USD
2026-09-03,C010,CR027,3394,17,1,213.48,493.93,USD
2026-09-03,C012,CR030,684698,4514,4,24220.61,3596.40,INR
2026-09-03,C012,CR031,371897,2436,2,13037.10,1664.40,INR
2026-09-04,C001,CR001,217,24,2,46.45,423.89,USD
2026-09-04,C001,CR002,158,17,2,32.60,271.58,USD
2026-09-04,C002,CR003,549,30,1,83.38,209.63,USD
2026-09-04,C002,CR004,457,23,1,61.01,162.00,USD
2026-09-04,C002,CR005,451,22,1,54.26,113.32,USD
2026-09-04,C002,CR006,229,12,1,33.72,110.96,USD
2026-09-04,C003,CR007,7208,419,6,9014.76,10331.26,INR
2026-09-04,C003,CR008,5479,324,6,6747.23,10708.12,INR
2026-09-04,C010,CR025,1821,10,1,116.35,375.58,USD
2026-09-04,C010,CR026,1355,8,1,98.20,375.30,USD
2026-09-04,C010,CR027,894,5,1,65.52,389.90,USD
2026-06-20,C008,CR021,4056232,18533,9,71854.23,12902.96,INR
2026-08-01,C011,CR028,1964,7,0,61.89,0.00,USD
2026-07-05,C011,CR029,1266,4,0,39.46,0.00,USD
2026-08-02,C010,CR025,1340,8,1,97.20,557.84,USD
2026-07-02,C010,CR027,3967,22,1,263.28,526.58,USD
2026-07-14,C002,CR003,0,0,0,-418.60,0.00,USD
2026-08-06,C004,CR010,0,0,0,-1265.20,0.00,USD
2026-08-27,C006,CR016,0,0,0,-21400.00,0.00,INR
